Workbook

Sheet RawData
A1: year | B1: corp_code | C1: corp_name | D1: DBO | E1: ServiceCost | F1: BenefitPayment | G1: InterestCost | H1: DiscountRate_Mid | I1: SalaryGrowth_Mid | J1: Duration_Mid | K1: SensitivityDR_1pct | L1: SensitivityDR_1pct_down | M1: SensitivitySG_1pct | N1: SensitivitySG_1pct_down | O1: DBO_prev | P1: drift(%) | Q1: 할인율_prev | R1: 임금상승률_prev | S1: d할인율 | T1: d임금상승률 | U1: 유효듀레이션 | V1: 볼록성
A2: 2015 | B2: 00100601 | C2: 강원에너지 | D2: 39219591
A3: 2016 | B3: 00100601 | C3: 강원에너지 | D3: 7708228 | F3: 50991596 | O3: =D2
A4: 2017 | B4: 00100601 | C4: 강원에너지 | D4: 21905195 | O4: =D3
A5: 2014 | B5: 00100814 | C5: 포스코이앤씨 | D5: 229104000000 | E5: 45628000000 | F5: 21359000000 | G5: 5178000000 | H5: 2.74 | I5: 3.965 | K5: -17718000000 | L5: 19172000000 | M5: 19422000000 | N5: -18138000000 | U5: =(L5-K5)/(2*D5*0.01) | V5: =(L5+K5)/(D5*0.0001)
A6: 2015 | B6: 00100814 | C6: 포스코이앤씨 | D6: 260877000000 | E6: 48768000000 | F6: 23483000000 | G6: 5484000000 | H6: 2.72 | I6: 3.54 | K6: -37100000000 | L6: 39964000000 | M6: 40332000000 | N6: -37816000000 | O6: =D5 | P6: =(E6-F6+G6)/O6*100 | Q6: =H5 | R6: =I5 | S6: =H6-H5 | T6: =I6-I5 | U6: =(L6-K6)/(2*D6*0.01) | V6: =(L6+K6)/(D6*0.0001)
A7: 2016 | B7: 00100814 | C7: 포스코이앤씨 | D7: 225482000000 | E7: 45983000000 | G7: 4958000000 | O7: =D6
A8: 2017 | B8: 00100814 | C8: 포스코이앤씨 | D8: 249111000000 | E8: 32611000000 | O8: =D7
A9: 2018 | B9: 00100814 | C9: 포스코이앤씨 | D9: 314326440000 | E9: 37891584000 | F9: 23719418000 | G9: 6871198000 | O9: =D8 | P9: =(E9-F9+G9)/O9*100
A10: 2019 | B10: 00100814 | C10: 포스코이앤씨 | D10: 404354054000 | E10: 44739086000 | F10: 23012313000 | G10: 6589738000 | O10: =D9 | P10: =(E10-F10+G10)/O10*100
A11: 2014 | B11: 00100939 | C11: 강남제비스코 | D11: 15915000000 | E11: 1985000000 | F11: 1890000000 | G11: 693000000 | H11: 3.91 | I11: 4.78 | J11: 12.92 | K11: -1294725000 | L11: 1512425000 | M11: 1509735000 | N11: -1317171000 | U11: =(L11-K11)/(2*D11*0.01) | V11: =(L11+K11)/(D11*0.0001)
A12: 2015 | B12: 00100939 | C12: 강남제비스코 | D12: 18702000000 | E12: 2719000000 | F12: 1999000000 | G12: 602000000 | H12: 3.44 | I12: 4.85 | J12: 13.8 | K12: -1535486000 | L12: 1785610000 | M12: 1770898000 | N12: -1554384000 | O12: =D11 | P12: =(E12-F12+G12)/O12*100 | Q12: =H11 | R12: =I11 | S12: =H12-H11 | T12: =I12-I11 | U12: =(L12-K12)/(2*D12*0.01) | V12: =(L12+K12)/(D12*0.0001)
A13: 2016 | B13: 00100939 | C13: 강남제비스코 | D13: 22872000000 | E13: 3136000000 | F13: 1506000000 | G13: 626000000 | H13: 3.52 | I13: 4.93 | K13: -1816036800 | L13: 2108798400 | M13: 2111085599 | N13: -1850344800 | O13: =D12 | P13: =(E13-F13+G13)/O13*100 | Q13: =H12 | R13: =I12 | S13: =H13-H12 | T13: =I13-I12 | U13: =(L13-K13)/(2*D13*0.01) | V13: =(L13+K13)/(D13*0.0001)
A14: 2017 | B14: 00100939 | C14: 강남제비스코 | D14: 23399000000 | E14: 3669000000 | F14: 2848000000 | G14: 792000000 | H14: 4.11 | I14: 4.93 | J14: 10.92 | K14: -1638070000 | L14: 1638070000 | M14: 2152770000 | N14: -1890300000 | O14: =D13 | P14: =(E14-F14+G14)/O14*100 | Q14: =H13 | R14: =I13 | S14: =H14-H13 | T14: =I14-I13 | U14: =(L14-K14)/(2*D14*0.01)
A15: 2018 | B15: 00100939 | C15: 강남제비스코 | D15: 29228000000 | E15: 3916000000 | F15: 2626000000 | G15: 944000000 | H15: 3.365 | I15: 3.905 | J15: 8.39 | K15: -2198355200 | L15: 8680000000 | M15: 8690000000 | N15: -2241367600 | O15: =D14 | P15: =(E15-F15+G15)/O15*100 | Q15: =H14 | R15: =I14 | S15: =H15-H14 | T15: =I15-I14 | U15: =(L15-K15)/(2*D15*0.01)
A16: 2019 | B16: 00100939 | C16: 강남제비스코 | D16: 31073000000 | E16: 4042000000 | F16: 2708000000 | G16: 1013000000 | H16: 3.045 | I16: 3.905 | K16: -2556450000 | L16: 2628950000 | M16: 2621350000 | N16: -2320350000 | O16: =D15 | P16: =(E16-F16+G16)/O16*100 | Q16: =H15 | R16: =I15 | S16: =H16-H15 | T16: =I16-I15 | U16: =(L16-K16)/(2*D16*0.01) | V16: =(L16+K16)/(D16*0.0001)
A17: 2020 | B17: 00100939 | C17: 강남제비스코 | D17: 33186000000 | E17: 4012000000 | F17: 2456000000 | G17: 957000000 | H17: 3.025 | I17: 3.925 | K17: -2368029000 | L17: 2724891000 | M17: 2722746000 | N17: -2411253000 | O17: =D16 | P17: =(E17-F17+G17)/O17*100 | Q17: =H16 | R17: =I16 | S17: =H17-H16 | T17: =I17-I16 | U17: =(L17-K17)/(2*D17*0.01) | V17: =(L17+K17)/(D17*0.0001)
A18: 2021 | B18: 00100939 | C18: 강남제비스코 | D18: 55903000000 | E18: 6205000000 | F18: 4720000000 | G18: 1732000000 | H18: 3.69 | I18: 4.905 | K18: -4420637000 | L18: 5126668000 | M18: 9110000000 | N18: -4481558000 | O18: =D17 | P18: =(E18-F18+G18)/O18*100 | Q18: =H17 | R18: =I17 | S18: =H18-H17 | T18: =I18-I17 | U18: =(L18-K18)/(2*D18*0.01) | V18: =(L18+K18)/(D18*0.0001)
A19: 2022 | B19: 00100939 | C19: 강남제비스코 | D19: 48995000000 | E19: 6286000000 | F19: 4290000000 | G19: 2100000000 | H19: 6.06 | I19: 4.92 | J19: 8.29 | K19: -3840000000 | L19: 4430000000 | M19: 4564000000 | N19: -4008000000 | O19: =D18 | P19: =(E19-F19+G19)/O19*100 | Q19: =H18 | R19: =I18 | S19: =H19-H18 | T19: =I19-I18 | U19: =(L19-K19)/(2*D19*0.01) | V19: =(L19+K19)/(D19*0.0001)
A20: 2023 | B20: 00100939 | C20: 강남제비스코 | D20: 56942000000 | E20: 5370000000 | F20: 2621000000 | G20: 2970000000 | H20: 5.175 | I20: 4.905 | J20: 7.59 | K20: -3838000000 | L20: 4395542400 | M20: 4445000000 | N20: -3956819000 | O20: =D19 | P20: =(E20-F20+G20)/O20*100 | Q20: =H19 | R20: =I19 | S20: =H20-H19 | T20: =I20-I19 | U20: =(L20-K20)/(2*D20*0.01) | V20: =(L20+K20)/(D20*0.0001)
A21: 2024 | B21: 00100939 | C21: 강남제비스코 | D21: 66870000000 | E21: 5773000000 | F21: 2722000000 | G21: 2940000000 | H21: 4.575 | I21: 5.505 | J21: 7.43 | K21: -4426764000 | L21: 5073798000 | M21: 5119050000 | N21: -4547760000 | O21: =D20 | P21: =(E21-F21+G21)/O21*100 | Q21: =H20 | R21: =I20 | S21: =H21-H20 | T21: =I21-I20 | U21: =(L21-K21)/(2*D21*0.01) | V21: =(L21+K21)/(D21*0.0001)
A22: 2025 | B22: 00100939 | C22: 강남제비스코 | D22: 65142000000 | E22: 6276000000 | F22: 3780000000 | G22: 3069000000 | H22: 4.93 | I22: 4.825 | J22: 7.98 | K22: -4415000000 | L22: 5026000000 | M22: 5210000000 | N22: -4643000000 | O22: =D21 | P22: =(E22-F22+G22)/O22*100 | Q22: =H21 | R22: =I21 | S22: =H22-H21 | T22: =I22-I21 | U22: =(L22-K22)/(2*D22*0.01) | V22: =(L22+K22)/(D22*0.0001)
A23: 2014 | B23: 00101044 | C23: 에이프로젠바이오로직스 | D23: 4902958000 | E23: 698568000 | F23: 316634000 | G23: 131666000 | H23: 2.685 | I23: 5.25 | K23: -271879000 | L23: 308009000 | M23: 297317000 | N23: -268268000 | U23: =(L23-K23)/(2*D23*0.01) | V23: =(L23+K23)/(D23*0.0001)
A24: 2015 | B24: 00101044 | C24: 에이프로젠바이오로직스 | D24: 4692436000 | E24: 919637000 | F24: 835226000 | G24: 106200000 | H24: 2.305 | I24: 5 | K24: -250749000 | L24: 284077000 | M24: 273865000 | N24: -247135000 | O24: =D23 | P24: =(E24-F24+G24)/O24*100 | Q24: =H23 | R24: =I23 | S24: =H24-H23 | T24: =I24-I23 | U24: =(L24-K24)/(2*D24*0.01) | V24: =(L24+K24)/(D24*0.0001)
A25: 2016 | B25: 00101044 | C25: 에이프로젠바이오로직스 | D25: 5373620000 | E25: 935288000 | F25: 1052055000 | G25: 85322000 | H25: 2.345 | I25: 5.2 | K25: -292170000 | L25: 331161000 | M25: 318717000 | N25: -287531000 | O25: =D24 | P25: =(E25-F25+G25)/O25*100 | Q25: =H24 | R25: =I24 | S25: =H25-H24 | T25: =I25-I24 | U25: =(L25-K25)/(2*D25*0.01) | V25: =(L25+K25)/(D25*0.0001)
A26: 2017 | B26: 00101044 | C26: 에이프로젠바이오로직스 | D26: 5973217000 | E26: 1000944000 | F26: 192369000 | G26: 100458000 | H26: 2.77 | I26: 5.41 | K26: -352840000 | L26: 404770000 | M26: 390233000 | N26: -347852000 | O26: =D25 | P26: =(E26-F26+G26)/O26*100 | Q26: =H25 | R26: =I25 | S26: =H26-H25 | T26: =I26-I25 | U26: =(L26-K26)/(2*D26*0.01) | V26: =(L26+K26)/(D26*0.0001)
A27: 2018 | B27: 00101044 | C27: 에이프로젠바이오로직스 | D27: 7126349000 | E27: 1036088000 | F27: 441286000 | G27: 126298000 | H27: 2.255 | I27: 5.22 | K27: -417829000 | L27: 479310000 | M27: 460646000 | N27: -410793000 | O27: =D26 | P27: =(E27-F27+G27)/O27*100 | Q27: =H26 | R27: =I26 | S27: =H27-H26 | T27: =I27-I26 | U27: =(L27-K27)/(2*D27*0.01) | V27: =(L27+K27)/(D27*0.0001)
A28: 2019 | B28: 00101044 | C28: 에이프로젠바이오로직스 | D28: 9347250000 | E28: 1213619000 | F28: 403029000 | G28: 124921000 | H28: 1.94 | I28: 5.3 | J28: 7.05 | K28: -630067000 | L28: 732443000 | M28: 700487000 | N28: -617074000 | O28: =D27 | P28: =(E28-F28+G28)/O28*100 | Q28: =H27 | R28: =I27 | S28: =H28-H27 | T28: =I28-I27 | U28: =(L28-K28)/(2*D28*0.01) | V28: =(L28+K28)/(D28*0.0001)
A29: 2020 | B29: 00101044 | C29: 에이프로젠바이오로직스 | D29: 9946133000 | E29: 1506376000 | F29: 577395000 | G29: 140672000 | H29: 1.815 | I29: 4.9 | J29: 7.51 | K29: -509046000 | L29: 582992000 | M29: 557898000 | N29: -498670000 | O29: =D28 | P29: =(E29-F29+G29)/O29*100 | Q29: =H28 | R29: =I28 | S29: =H29-H28 | T29: =I29-I28 | U29: =(L29-K29)/(2*D29*0.01) | V29: =(L29+K29)/(D29*0.0001)
A30: 2021 | B30: 00101044 | C30: 에이프로젠바이오로직스 | D30: 9487019000 | E30: 1349281000 | F30: 763199000 | G30: 126449000 | H30: 2.4 | I30: 3.69 | J30: 5.985 | K30: -431654000 | L30: 492198000 | M30: 476700000 | N30: -427361000 | O30: =D29 | P30: =(E30-F30+G30)/O30*100 | Q30: =H29 | R30: =I29 | S30: =H30-H29 | T30: =I30-I29 | U30: =(L30-K30)/(2*D30*0.01) | V30: =(L30+K30)/(D30*0.0001)
A31: 2022 | B31: 00101044 | C31: 에이프로젠바이오로직스 | D31: 11096013000 | E31: 1234175000 | F31: 1591298000 | G31: 151358000 | H31: 5.23 | I31: 4.895 | J31: 7.09 | K31: -621157000 | L31: 733977000 | M31: 730743000 | N31: -629475000 | O31: =D30 | P31: =(E31-F31+G31)/O31*100 | Q31: =H30 | R31: =I30 | S31: =H31-H30 | T31: =I31-I30 | U31: =(L31-K31)/(2*D31*0.01) | V31: =(L31+K31)/(D31*0.0001)
A32: 2023 | B32: 00101044 | C32: 에이프로젠바이오로직스 | D32: 11693776000 | E32: 2219739000 | F32: 1492541000 | G32: 384674000 | H32: 4.125 | I32: 4.905 | J32: 8.595 | K32: -615704000 | L32: -621157000 | M32: 702244000 | N32: 730743000 | O32: =D31 | P32: =(E32-F32+G32)/O32*100 | Q32: =H31 | R32: =I31 | S32: =H32-H31 | T32: =I32-I31
A33: 2024 | B33: 00101044 | C33: 에이프로젠바이오로직스 | D33: 14042701000 | E33: 2196210000 | F33: 1266014000 | G33: 337542000 | H33: 3.595 | I33: 4.91 | J33: 8.335 | K33: -1001800000 | L33: 1212950000 | M33: 1188254000 | N33: -1001154000 | O33: =D32 | P33: =(E33-F33+G33)/O33*100 | Q33: =H32 | R33: =I32 | S33: =H33-H32 | T33: =I33-I32 | U33: =(L33-K33)/(2*D33*0.01) | V33: =(L33+K33)/(D33*0.0001)
A34: 2025 | B34: 00101044 | C34: 에이프로젠바이오로직스 | D34: 15673830376 | E34: 2695163011 | F34: 2930175246 | G34: 384775683 | H34: 4.015 | I34: 4.75 | J34: 8.725 | K34: -871138277 | L34: 1013431481 | M34: 995198460 | N34: -872505023 | O34: =D33 | P34: =(E34-F34+G34)/O34*100 | Q34: =H33 | R34: =I33 | S34: =H34-H33 | T34: =I34-I33 | U34: =(L34-K34)/(2*D34*0.01) | V34: =(L34+K34)/(D34*0.0001)
A35: 2014 | B35: 00101220 | C35: KG케미칼 | D35: 16323881000 | E35: 4035787000 | F35: 1772451000 | H35: 3.08 | I35: 4.96 | J35: 10.38 | K35: -1063767000 | L35: 1174527000 | M35: 1201877000 | N35: -1003839000 | U35: =(L35-K35)/(2*D35*0.01) | V35: =(L35+K35)/(D35*0.0001)
A36: 2015 | B36: 00101220 | C36: KG케미칼 | D36: 19721674000 | E36: 4830208000 | F36: 2865813000 | H36: 2.625 | I36: 4.67 | K36: -1184271000 | L36: 1333190000 | M36: 1319867000 | N36: -1195273000 | O36: =D35 | Q36: =H35 | R36: =I35 | S36: =H36-H35 | T36: =I36-I35 | U36: =(L36-K36)/(2*D36*0.01) | V36: =(L36+K36)/(D36*0.0001)
A37: 2016 | B37: 00101220 | C37: KG케미칼 | D37: 22425287000 | E37: 4300860000 | F37: 3127592000 | G37: 546526000 | H37: 2.845 | I37: 4.07 | J37: 8.635 | K37: -1146249000 | L37: 1298746000 | M37: 1290479000 | N37: -1160532000 | O37: =D36 | P37: =(E37-F37+G37)/O37*100 | Q37: =H36 | R37: =I36 | S37: =H37-H36 | T37: =I37-I36 | U37: =(L37-K37)/(2*D37*0.01) | V37: =(L37+K37)/(D37*0.0001)
A38: 2017 | B38: 00101220 | C38: KG케미칼 | D38: 33329615000 | E38: 6100343000 | F38: 6428735000 | G38: 562014000 | H38: 3.285 | I38: 3 | J38: 7.62 | K38: -1751729000 | L38: 1985889000 | M38: 1974716000 | N38: -1769627000 | O38: =D37 | P38: =(E38-F38+G38)/O38*100 | Q38: =H37 | R38: =I37 | S38: =H38-H37 | T38: =I38-I37 | U38: =(L38-K38)/(2*D38*0.01) | V38: =(L38+K38)/(D38*0.0001)
A39: 2018 | B39: 00101220 | C39: KG케미칼 | D39: 37201863000 | E39: 6741870000 | F39: 6219048000 | G39: 765025000 | H39: 2.665 | I39: 3.43 | K39: -1453092000 | L39: 2160830000 | M39: 2137202000 | N39: -1464422000 | O39: =D38 | P39: =(E39-F39+G39)/O39*100 | Q39: =H38 | R39: =I38 | S39: =H39-H38 | T39: =I39-I38 | U39: =(L39-K39)/(2*D39*0.01) | V39: =(L39+K39)/(D39*0.0001)
A40: 2019 | B40: 00101220 | C40: KG케미칼 | D40: 142778647000 | E40: 9813536000 | F40: 9812639000 | G40: 1706278000 | H40: 2.445 | I40: 3.48 | K40: -13417177000 | L40: 15843021000 | M40: 15477242000 | N40: -13468543000 | O40: =D39 | P40: =(E40-F40+G40)/O40*100 | Q40: =H39 | R40: =I39 | S40: =H40-H39 | T40: =I40-I39 | U40: =(L40-K40)/(2*D40*0.01) | V40: =(L40+K40)/(D40*0.0001)
A41: 2020 | B41: 00101220 | C41: KG케미칼 | D41: 125663284000 | E41: 15846520000 | F41: 11005548000 | G41: 3570867000 | H41: 2.465 | I41: 3.47 | J41: 7.855 | K41: -10854880000 | L41: 15843021000 | M41: 12648251000 | N41: -13468543000 | O41: =D40 | P41: =(E41-F41+G41)/O41*100 | Q41: =H40 | R41: =I40 | S41: =H41-H40 | T41: =I41-I40 | U41: =(L41-K41)/(2*D41*0.01) | V41: =(L41+K41)/(D41*0.0001)
A42: 2021 | B42: 00101220 | C42: KG케미칼 | D42: 132621716000 | E42: 14048204000 | F42: 14323639000 | G42: 3348983000 | H42: 2.975 | I42: 2.62 | J42: 8.07 | K42: -10577330000 | L42: 13160357000 | M42: 13103579000 | N42: -10724522000 | O42: =D41 | P42: =(E42-F42+G42)/O42*100 | Q42: =H41 | R42: =I41 | S42: =H42-H41 | T42: =I42-I41 | U42: =(L42-K42)/(2*D42*0.01) | V42: =(L42+K42)/(D42*0.0001)
A43: 2022 | B43: 00101220 | C43: KG케미칼 | D43: 383941484000 | E43: 22212353000 | F43: 20055863000 | G43: 6843347000 | H43: 5.505 | I43: 3.615 | J43: 7.615 | K43: -27404023000 | L43: 30860090000 | M43: 30994846000 | N43: -27950122000 | O43: =D42 | P43: =(E43-F43+G43)/O43*100 | Q43: =H42 | R43: =I42 | S43: =H43-H42 | T43: =I43-I42 | U43: =(L43-K43)/(2*D43*0.01) | V43: =(L43+K43)/(D43*0.0001)
A44: 2023 | B44: 00101220 | C44: KG케미칼 | D44: 463052389000 | E44: 36167780000 | F44: 33460634000 | G44: 19620815000 | H44: 4.93 | I44: 3.785 | J44: 7.76 | K44: -29833705000 | L44: 33410987000 | M44: 33285336000 | N44: -30167157000 | O44: =D43 | P44: =(E44-F44+G44)/O44*100 | Q44: =H43 | R44: =I43 | S44: =H44-H43 | T44: =I44-I43 | U44: =(L44-K44)/(2*D44*0.01) | V44: =(L44+K44)/(D44*0.0001)
A45: 2024 | B45: 00101220 | C45: KG케미칼 | D45: 538661233000 | E45: 41489282000 | F45: 35475417000 | G45: 19396902000 | H45: 4.32 | I45: 3.985 | J45: 7.41 | K45: -32658647000 | L45: 36848385000 | M45: 36234550000 | N45: -32647695000 | O45: =D44 | P45: =(E45-F45+G45)/O45*100 | Q45: =H44 | R45: =I44 | S45: =H45-H44 | T45: =I45-I44 | U45: =(L45-K45)/(2*D45*0.01) | V45: =(L45+K45)/(D45*0.0001)
A46: 2025 | B46: 00101220 | C46: KG케미칼 | D46: 575867796000 | E46: 46401130000 | F46: 50216394000 | G46: 18847311000 | H46: 4.54 | I46: 3.8 | J46: 7.19 | K46: -33134966000 | L46: 36875367000 | M46: 35937650000 | N46: -32823936000 | O46: =D45 | P46: =(E46-F46+G46)/O46*100 | Q46: =H45 | R46: =I45 | S46: =H46-H45 | T46: =I46-I45 | U46: =(L46-K46)/(2*D46*0.01) | V46: =(L46+K46)/(D46*0.0001)
A47: 2014 | B47: 00101257 | C47: 경남기업 | D47: 26172115000 | E47: 4350445000 | F47: 4331338000 | G47: 689386000 | H47: 2.72 | I47: 0 | K47: -1055115000 | L47: 1152885000 | M47: 1174885000 | N47: -1094115000 | U47: =(L47-K47)/(2*D47*0.01) | V47: =(L47+K47)/(D47*0.0001)
A48: 2015 | B48: 00101257 | C48: 경남기업 | D48: 17695009000 | E48: 3982754000 | F48: 9776773000 | G48: 527848000 | O48: =D47 | P48: =(E48-F48+G48)/O48*100
A49: 2016 | B49: 00101257 | C49: 경남기업 | D49: 15639752000 | E49: 2547048000 | F49: 3403611000 | G49: 345393000 | O49: =D48 | P49: =(E49-F49+G49)/O49*100
A50: 2017 | B50: 00101257 | C50: 경남기업 | D50: 14340899000 | E50: 1941611000 | F50: 3266610000 | G50: 257568000 | H50: 3.24 | I50: 3.3 | J50: 9.8 | K50: -614962000 | L50: 671047000 | M50: 675095000 | N50: -629901000 | O50: =D49 | P50: =(E50-F50+G50)/O50*100 | U50: =(L50-K50)/(2*D50*0.01) | V50: =(L50+K50)/(D50*0.0001)
A51: 2018 | B51: 00101257 | C51: 경남기업 | D51: 14543668000 | E51: 1640935000 | F51: 1923797000 | G51: 424785000 | H51: 2.77 | I51: 4.48 | J51: 3.9 | O51: =D50 | P51: =(E51-F51+G51)/O51*100 | Q51: =H50 | R51: =I50 | S51: =H51-H50 | T51: =I51-I50
A52: 2019 | B52: 00101257 | C52: 경남기업 | D52: 15932323000 | E52: 1589550000 | F52: 1775561000 | G52: 359059000 | H52: 2.45 | I52: 4.11 | J52: 4.4 | O52: =D51 | P52: =(E52-F52+G52)/O52*100 | Q52: =H51 | R52: =I51 | S52: =H52-H51 | T52: =I52-I51
A53: 2020 | B53: 00101257 | C53: 경남기업 | D53: 17506764000 | E53: 1532412000 | F53: 1304988000 | G53: 352566000 | H53: 2.53 | I53: 4.21 | J53: 5 | O53: =D52 | P53: =(E53-F53+G53)/O53*100 | Q53: =H52 | R53: =I52 | S53: =H53-H52 | T53: =I53-I52
A54: 2021 | B54: 00101257 | C54: 경남기업 | D54: 16581775000 | E54: 1887367000 | F54: 2362583000 | G54: 406871000 | H54: 3.14 | I54: 3.79 | J54: 5 | O54: =D53 | P54: =(E54-F54+G54)/O54*100 | Q54: =H53 | R54: =I53 | S54: =H54-H53 | T54: =I54-I53
A55: 2022 | B55: 00101257 | C55: 경남기업 | D55: 17532178000 | E55: 1517770000 | F55: 1652212000 | G55: 476923000 | H55: 5.72 | I55: 5.1 | J55: 5 | K55: -711176000 | L55: 779610000 | M55: 787671000 | N55: -725701000 | O55: =D54 | P55: =(E55-F55+G55)/O55*100 | Q55: =H54 | R55: =I54 | S55: =H55-H54 | T55: =I55-I54 | U55: =(L55-K55)/(2*D55*0.01) | V55: =(L55+K55)/(D55*0.0001)
A56: 2023 | B56: 00101257 | C56: 경남기업 | D56: 20366362000 | E56: 1951909000 | F56: 2973178000 | G56: 876552000 | H56: 4.69 | I56: 5.52 | J56: 4.6 | K56: -830970000 | L56: 903964000 | M56: 910727000 | N56: -852121000 | O56: =D55 | P56: =(E56-F56+G56)/O56*100 | Q56: =H55 | R56: =I55 | S56: =H56-H55 | T56: =I56-I55 | U56: =(L56-K56)/(2*D56*0.01) | V56: =(L56+K56)/(D56*0.0001)
A57: 2024 | B57: 00101257 | C57: 경남기업 | D57: 19408964000 | E57: 2231882000 | F57: 3513437000 | G57: 844508000 | H57: 4.1 | I57: 4.82 | J57: 4.7 | K57: -780160000 | L57: 903964000 | M57: 856655000 | N57: -852121000 | O57: =D56 | P57: =(E57-F57+G57)/O57*100 | Q57: =H56 | R57: =I56 | S57: =H57-H56 | T57: =I57-I56 | U57: =(L57-K57)/(2*D57*0.01) | V57: =(L57+K57)/(D57*0.0001)
A58: 2018 | B58: 00101433 | C58: 경농 | D58: 5672010000 | E58: 569725000 | F58: 502394000 | G58: 128181000
A59: 2019 | B59: 00101433 | C59: 경농 | D59: 6430266000 | E59: 649599000 | F59: 546095000 | G59: 112257000 | O59: =D58 | P59: =(E59-F59+G59)/O59*100
A60: 2020 | B60: 00101433 | C60: 경농 | D60: 6716232000 | E60: 814170000 | F60: 431594000 | G60: 117413000 | O60: =D59 | P60: =(E60-F60+G60)/O60*100
A61: 2021 | B61: 00101433 | C61: 경농 | D61: 6446261000 | E61: 777721000 | F61: 982724000 | G61: 110697000 | O61: =D60 | P61: =(E61-F61+G61)/O61*100
A62: 2016 | B62: 00101488 | C62: 경동나비엔 | D62: 30442082000 | E62: 4148963000 | F62: 3110095000 | G62: 980797000 | H62: 3.98 | I62: 3.97 | K62: -2303309000 | L62: 2667124000 | M62: 2684733000 | N62: -2358966000 | U62: =(L62-K62)/(2*D62*0.01) | V62: =(L62+K62)/(D62*0.0001)
A63: 2017 | B63: 00101488 | C63: 경동나비엔 | D63: 33890577000 | E63: 4757625000 | F63: 2908842000 | G63: 1076513000 | H63: 4.03 | I63: 4.06 | K63: -2444506000 | L63: 2818349000 | M63: 2846500000 | N63: -2511025000 | O63: =D62 | P63: =(E63-F63+G63)/O63*100 | Q63: =H62 | R63: =I62 | S63: =H63-H62 | T63: =I63-I62 | U63: =(L63-K63)/(2*D63*0.01) | V63: =(L63+K63)/(D63*0.0001)
A64: 2018 | B64: 00101488 | C64: 경동나비엔 | D64: 39255456000 | E64: 5648556000 | F64: 2930956000 | G64: 1305446000 | H64: 3.52 | I64: 3.69 | K64: -2698159000 | L64: 3119006000 | M64: 3142571000 | N64: -2766234000 | O64: =D63 | P64: =(E64-F64+G64)/O64*100 | Q64: =H63 | R64: =I63 | S64: =H64-H63 | T64: =I64-I63 | U64: =(L64-K64)/(2*D64*0.01) | V64: =(L64+K64)/(D64*0.0001)
A65: 2019 | B65: 00101488 | C65: 경동나비엔 | D65: 47829558000 | E65: 6109218000 | F65: 3176695000 | G65: 1313425000 | H65: 3.17 | I65: 3.89 | K65: -2920487000 | L65: 3119006000 | M65: 3468189000 | N65: -2766234000 | O65: =D64 | P65: =(E65-F65+G65)/O65*100 | Q65: =H64 | R65: =I64 | S65: =H65-H64 | T65: =I65-I64 | U65: =(L65-K65)/(2*D65*0.01) | V65: =(L65+K65)/(D65*0.0001)
A66: 2020 | B66: 00101488 | C66: 경동나비엔 | D66: 57701498000 | E66: 7077093000 | F66: 4350649000 | G66: 1472060000 | H66: 3.185 | I66: 3.98 | K66: -1232149000 | L66: 1423345000 | M66: 1502273000 | N66: -1321808000 | O66: =D65 | P66: =(E66-F66+G66)/O66*100 | Q66: =H65 | R66: =I65 | S66: =H66-H65 | T66: =I66-I65 | U66: =(L66-K66)/(2*D66*0.01) | V66: =(L66+K66)/(D66*0.0001)
A67: 2021 | B67: 00101488 | C67: 경동나비엔 | D67: 66116762000 | E67: 8876060000 | F67: 5307955000 | G67: 1849167000 | H67: 3.735 | I67: 3.85 | K67: -4395316000 | L67: -1232149000 | M67: 5063725000 | N67: 1502273000 | O67: =D66 | P67: =(E67-F67+G67)/O67*100 | Q67: =H66 | R67: =I66 | S67: =H67-H66 | T67: =I67-I66 | U67: =(L67-K67)/(2*D67*0.01)
A68: 2022 | B68: 00101488 | C68: 경동나비엔 | D68: 59304219000 | E68: 9632486000 | F68: 6323382000 | G68: 2393806000 | H68: 6.085 | I68: 3.98 | K68: -3193279000 | L68: 3587452000 | M68: 3704892000 | N68: -3346975000 | O68: =D67 | P68: =(E68-F68+G68)/O68*100 | Q68: =H67 | R68: =I67 | S68: =H68-H67 | T68: =I68-I67 | U68: =(L68-K68)/(2*D68*0.01) | V68: =(L68+K68)/(D68*0.0001)
A69: 2023 | B69: 00101488 | C69: 경동나비엔 | D69: 67734017000 | E69: 8137436000 | F69: 7851191000 | G69: 3461104000 | H69: 5.375 | I69: 3.445 | K69: -3854861000 | L69: 4241661000 | M69: 4443502000 | N69: -3922807000 | O69: =D68 | P69: =(E69-F69+G69)/O69*100 | Q69: =H68 | R69: =I68 | S69: =H69-H68 | T69: =I69-I68 | U69: =(L69-K69)/(2*D69*0.01) | V69: =(L69+K69)/(D69*0.0001)
A70: 2024 | B70: 00101488 | C70: 경동나비엔 | D70: 77922367000 | E70: 9554294000 | F70: 5725323000 | G70: 3419079000 | H70: 4.38 | I70: 3.885 | K70: -4345783000 | L70: 4893579000 | M70: 4979626000 | N70: -4495385000 | O70: =D69 | P70: =(E70-F70+G70)/O70*100 | Q70: =H69 | R70: =I69 | S70: =H70-H69 | T70: =I70-I69 | U70: =(L70-K70)/(2*D70*0.01) | V70: =(L70+K70)/(D70*0.0001)
A71: 2025 | B71: 00101488 | C71: 경동나비엔 | D71: 86855222000 | E71: 11040788000 | F71: 8261109000 | G71: 3460873000 | H71: 4.725 | I71: 4.165 | K71: -3911465000 | L71: 4129313000 | M71: 3961808000 | N71: -4063313000 | O71: =D70 | P71: =(E71-F71+G71)/O71*100 | Q71: =H70 | R71: =I70 | S71: =H71-H70 | T71: =I71-I70 | U71: =(L71-K71)/(2*D71*0.01) | V71: =(L71+K71)/(D71*0.0001)
A72: 2014 | B72: 00101549 | C72: 경동제약 | D72: 11310784000 | E72: 1909496000 | F72: 465729000 | G72: 331968000 | H72: 3.09 | I72: 3 | J72: 7.96 | K72: -909752000 | L72: 1055426000 | M72: 1046797000 | N72: -919775000 | U72: =(L72-K72)/(2*D72*0.01) | V72: =(L72+K72)/(D72*0.0001)
A73: 2015 | B73: 00101549 | C73: 경동제약 | D73: 13913996000 | E73: 2293552000 | F73: 778296000 | G73: 330123000 | H73: 3.23 | I73: 3 | J73: 12.75 | K73: -1633335000 | L73: 1957306000 | M73: 1942002000 | N73: -1651740000 | O73: =D72 | P73: =(E73-F73+G73)/O73*100 | Q73: =H72 | R73: =I72 | S73: =H73-H72 | T73: =I73-I72 | U73: =(L73-K73)/(2*D73*0.01) | V73: =(L73+K73)/(D73*0.0001)
A74: 2016 | B74: 00101549 | C74: 경동제약 | D74: 15552617000 | E74: 2529493000 | F74: 952310000 | G74: 435185000 | H74: 3.27 | I74: 2 | J74: 12 | K74: -1513422000 | L74: 1796202000 | M74: 1801929000 | N74: -1545035000 | O74: =D73 | P74: =(E74-F74+G74)/O74*100 | Q74: =H73 | R74: =I73 | S74: =H74-H73 | T74: =I74-I73 | U74: =(L74-K74)/(2*D74*0.01) | V74: =(L74+K74)/(D74*0.0001)
A75: 2017 | B75: 00101549 | C75: 경동제약 | D75: 16495314000 | E75: 2519587000 | F75: 1525097000 | G75: 492051000 | H75: 3.57 | I75: 2 | J75: 11.49 | K75: -1568206000 | L75: 1849630000 | M75: 1861468000 | N75: -1605408000 | O75: =D74 | P75: =(E75-F75+G75)/O75*100 | Q75: =H74 | R75: =I74 | S75: =H75-H74 | T75: =I75-I74 | U75: =(L75-K75)/(2*D75*0.01) | V75: =(L75+K75)/(D75*0.0001)
A76: 2018 | B76: 00101549 | C76: 경동제약 | D76: 18441832000 | E76: 2582764000 | F76: 1371830000 | G76: 568960000 | H76: 2.73 | I76: 3.83 | J76: 8.4 | K76: -1341681000 | L76: 1542559000 | M76: 1534134000 | N76: -1359456000 | O76: =D75 | P76: =(E76-F76+G76)/O76*100 | Q76: =H75 | R76: =I75 | S76: =H76-H75 | T76: =I76-I75 | U76: =(L76-K76)/(2*D76*0.01) | V76: =(L76+K76)/(D76*0.0001)
A77: 2019 | B77: 00101549 | C77: 경동제약 | D77: 21240623000 | E77: 2581751000 | F77: 1763622000 | G77: 479239000 | H77: 2.98 | I77: 4.07 | O77: =D76 | P77: =(E77-F77+G77)/O77*100 | Q77: =H76 | R77: =I76 | S77: =H77-H76 | T77: =I77-I76
A78: 2020 | B78: 00101549 | C78: 경동제약 | D78: 22973447000 | E78: 2755182000 | F78: 1786497000 | G78: 611605000 | H78: 3.08 | I78: 4.08 | O78: =D77 | P78: =(E78-F78+G78)/O78*100 | Q78: =H77 | R78: =I77 | S78: =H78-H77 | T78: =I78-I77
A79: 2021 | B79: 00101549 | C79: 경동제약 | D79: 22169109000 | E79: 2916636000 | F79: 2507038000 | G79: 679260000 | H79: 3.39 | I79: 3.8 | O79: =D78 | P79: =(E79-F79+G79)/O79*100 | Q79: =H78 | R79: =I78 | S79: =H79-H78 | T79: =I79-I78
A80: 2022 | B80: 00101549 | C80: 경동제약 | D80: 19519047000 | E80: 2800950000 | F80: 2853256000 | G80: 714586000 | H80: 5.74 | I80: 3.53 | J80: 7.244 | K80: -1471676000 | L80: 1180359000 | M80: 1233590000 | N80: -1536981000 | O80: =D79 | P80: =(E80-F80+G80)/O80*100 | Q80: =H79 | R80: =I79 | S80: =H80-H79 | T80: =I80-I79 | U80: =(L80-K80)/(2*D80*0.01)
A81: 2023 | B81: 00101549 | C81: 경동제약 | D81: 14345307000 | E81: 2147368000 | F81: 10586063000 | G81: 1042229000 | H81: 4.91 | I81: 3.93 | J81: 7.213 | O81: =D80 | P81: =(E81-F81+G81)/O81*100 | Q81: =H80 | R81: =I80 | S81: =H81-H80 | T81: =I81-I80
A82: 2024 | B82: 00101549 | C82: 경동제약 | D82: 14872331000 | E82: 1700566000 | F82: 2560157000 | G82: 652584000 | H82: 3.97 | I82: 3.32 | J82: 4.46 | O82: =D81 | P82: =(E82-F82+G82)/O82*100 | Q82: =H81 | R82: =I81 | S82: =H82-H81 | T82: =I82-I81
A83: 2025 | B83: 00101549 | C83: 경동제약 | D83: 16080017000 | E83: 1646329000 | F83: 1347910000 | G83: 542095000 | H83: 4.36 | I83: 3.42 | J83: 4.977 | O83: =D82 | P83: =(E83-F83+G83)/O83*100 | Q83: =H82 | R83: =I82 | S83: =H83-H82 | T83: =I83-I82
A84: 2014 | B84: 00101628 | C84: 경방 | D84: 10153000000 | E84: 2102535000 | F84: 1422962000 | G84: 314725000 | H84: 2.82 | I84: 3
A85: 2015 | B85: 00101628 | C85: 경방 | D85: 858449000 | E85: 1143088000 | F85: 1962877000 | G85: 174780000 | H85: 2.22 | I85: 1 | O85: =D84 | P85: =(E85-F85+G85)/O85*100 | Q85: =H84 | R85: =I84 | S85: =H85-H84 | T85: =I85-I84
A86: 2016 | B86: 00101628 | C86: 경방 | D86: 867827000 | E86: 319659000 | F86: 349431000 | G86: 12777000 | H86: 2.08 | I86: 1 | O86: =D85 | P86: =(E86-F86+G86)/O86*100 | Q86: =H85 | R86: =I85 | S86: =H86-H85 | T86: =I86-I85
A87: 2017 | B87: 00101628 | C87: 경방 | D87: 714881000 | E87: 316780000 | F87: 515807000 | G87: 12438000 | H87: 2.51 | I87: 1 | O87: =D86 | P87: =(E87-F87+G87)/O87*100 | Q87: =H86 | R87: =I86 | S87: =H87-H86 | T87: =I87-I86
A88: 2018 | B88: 00101628 | C88: 경방 | D88: 669782000 | E88: 207456000 | F88: 295273000 | G88: 13528000 | H88: 2.23 | I88: 1 | O88: =D87 | P88: =(E88-F88+G88)/O88*100 | Q88: =H87 | R88: =I87 | S88: =H88-H87 | T88: =I88-I87
A89: 2019 | B89: 00101628 | C89: 경방 | D89: 543738000 | E89: 195743000 | F89: 380498000 | G89: 11658000 | H89: 1.75 | I89: 1 | O89: =D88 | P89: =(E89-F89+G89)/O89*100 | Q89: =H88 | R89: =I88 | S89: =H89-H88 | T89: =I89-I88
A90: 2020 | B90: 00101628 | C90: 경방 | D90: 657337000 | E90: 195750000 | F90: 129643000 | G90: 7811000 | H90: 2.69 | I90: 1 | O90: =D89 | P90: =(E90-F90+G90)/O90*100 | Q90: =H89 | R90: =I89 | S90: =H90-H89 | T90: =I90-I89
A91: 2021 | B91: 00101628 | C91: 경방 | D91: 605877000 | E91: 201526000 | F91: 191520000 | G91: 16749000 | H91: 3.23 | I91: 1 | O91: =D90 | P91: =(E91-F91+G91)/O91*100 | Q91: =H90 | R91: =I90 | S91: =H91-H90 | T91: =I91-I90
A92: 2024 | B92: 00101628 | C92: 경방 | D92: 693549000 | E92: 156112000 | F92: 193921000 | G92: 21518000 | H92: 4.3 | I92: 2 | J92: 4.97
A93: 2025 | B93: 00101628 | C93: 경방 | D93: 707592000 | E93: 175545000 | F93: 245862000 | G93: 23685000 | H93: 4.53 | I93: 4.96 | J93: 4.55 | O93: =D92 | P93: =(E93-F93+G93)/O93*100 | Q93: =H92 | R93: =I92 | S93: =H93-H92 | T93: =I93-I92
A94: 2015 | B94: 00101664 | C94: 경보제약 | D94: 12768539000 | E94: 1613663000 | F94: 616633000 | G94: 276555000 | H94: 2.53 | I94: 6.69 | J94: 8.197 | K94: -943184000 | L94: 1081460000 | M94: 1045395000 | N94: -932135000 | U94: =(L94-K94)/(2*D94*0.01) | V94: =(L94+K94)/(D94*0.0001)
A95: 2016 | B95: 00101664 | C95: 경보제약 | D95: 13882446000 | E95: 2412955000 | F95: 674647000 | G95: 299428000 | H95: 2.57 | I95: 5.3 | J95: 8.153 | K95: -933201000 | L95: 1062874000 | M95: 1042249000 | N95: -934056000 | O95: =D94 | P95: =(E95-F95+G95)/O95*100 | Q95: =H94 | R95: =I94 | S95: =H95-H94 | T95: =I95-I94 | U95: =(L95-K95)/(2*D95*0.01) | V95: =(L95+K95)/(D95*0.0001)
A96: 2017 | B96: 00101664 | C96: 경보제약 | D96: 8525347000 | E96: 1781137000 | F96: 428386000 | G96: 195569000 | H96: 3.15 | I96: 5.28 | O96: =D95 | P96: =(E96-F96+G96)/O96*100 | Q96: =H95 | R96: =I95 | S96: =H96-H95 | T96: =I96-I95
A97: 2018 | B97: 00101664 | C97: 경보제약 | D97: 8987710000 | E97: 1727546000 | F97: 528226000 | G97: 238448000 | H97: 2.67 | I97: 5.31 | K97: -635772000 | L97: 735140000 | M97: 719952000 | N97: -635704000 | O97: =D96 | P97: =(E97-F97+G97)/O97*100 | Q97: =H96 | R97: =I96 | S97: =H97-H96 | T97: =I97-I96 | U97: =(L97-K97)/(2*D97*0.01) | V97: =(L97+K97)/(D97*0.0001)
A98: 2019 | B98: 00101664 | C98: 경보제약 | D98: 9421679000 | E98: 1552728000 | F98: 455611000 | G98: 204886000 | H98: 2.32 | I98: 5.03 | J98: 7.787 | K98: -668008000 | L98: 772632000 | M98: 756085000 | N98: -667524000 | O98: =D97 | P98: =(E98-F98+G98)/O98*100 | Q98: =H97 | R98: =I97 | S98: =H98-H97 | T98: =I98-I97 | U98: =(L98-K98)/(2*D98*0.01) | V98: =(L98+K98)/(D98*0.0001)
A99: 2020 | B99: 00101664 | C99: 경보제약 | D99: 10091490000 | E99: 1668881000 | F99: 229598000 | G99: 172072000 | H99: 2.35 | I99: 4.91 | J99: 7.7048 | K99: -708093000 | L99: 818193000 | M99: 801743000 | N99: -708408000 | O99: =D98 | P99: =(E99-F99+G99)/O99*100 | Q99: =H98 | R99: =I98 | S99: =H99-H98 | T99: =I99-I98 | U99: =(L99-K99)/(2*D99*0.01) | V99: =(L99+K99)/(D99*0.0001)
A100: 2021 | B100: 00101664 | C100: 경보제약 | D100: 10034180000 | E100: 1615760000 | F100: 411583000 | G100: 210989000 | H100: 2.85 | I100: 4.53 | J100: 6.5932 | K100: -686820000 | L100: 604378000 | M100: 683628000 | N100: -613056000 | O100: =D99 | P100: =(E100-F100+G100)/O100*100 | Q100: =H99 | R100: =I99 | S100: =H100-H99 | T100: =I100-I99 | U100: =(L100-K100)/(2*D100*0.01)
...

Sheet Drift
A1: [Drift = (SC-BP+IC)/DBO_{t-1}]
A2: 연도 | B2: 건수 | C2: drift 평균(%) | D2: drift 중앙값(%)
A3: 2015 | B3: =COUNTIFS(RawData!$A:$A,A3,RawData!$P:$P,">-100",RawData!$P:$P,"<100") | C3: =AVERAGEIFS(RawData!$P:$P,RawData!$A:$A,A3,RawData!$P:$P,">-100",RawData!$P:$P,"<100") | D3: =MEDIAN(_xlfn._xlws.FILTER(RawData!$P$2:$P$21560,(RawData!$A$2:$A$21560=A3)*(RawData!$P$2:$P$21560<>0)))
A4: 2016 | B4: =COUNTIFS(RawData!$A:$A,A4,RawData!$P:$P,">-100",RawData!$P:$P,"<100") | C4: =AVERAGEIFS(RawData!$P:$P,RawData!$A:$A,A4,RawData!$P:$P,">-100",RawData!$P:$P,"<100") | D4: =MEDIAN(_xlfn._xlws.FILTER(RawData!$P$2:$P$21560,(RawData!$A$2:$A$21560=A4)*(RawData!$P$2:$P$21560<>0)))
A5: 2017 | B5: =COUNTIFS(RawData!$A:$A,A5,RawData!$P:$P,">-100",RawData!$P:$P,"<100") | C5: =AVERAGEIFS(RawData!$P:$P,RawData!$A:$A,A5,RawData!$P:$P,">-100",RawData!$P:$P,"<100") | D5: =MEDIAN(_xlfn._xlws.FILTER(RawData!$P$2:$P$21560,(RawData!$A$2:$A$21560=A5)*(RawData!$P$2:$P$21560<>0)))
A6: 2018 | B6: =COUNTIFS(RawData!$A:$A,A6,RawData!$P:$P,">-100",RawData!$P:$P,"<100") | C6: =AVERAGEIFS(RawData!$P:$P,RawData!$A:$A,A6,RawData!$P:$P,">-100",RawData!$P:$P,"<100") | D6: =MEDIAN(_xlfn._xlws.FILTER(RawData!$P$2:$P$21560,(RawData!$A$2:$A$21560=A6)*(RawData!$P$2:$P$21560<>0)))
A7: 2019 | B7: =COUNTIFS(RawData!$A:$A,A7,RawData!$P:$P,">-100",RawData!$P:$P,"<100") | C7: =AVERAGEIFS(RawData!$P:$P,RawData!$A:$A,A7,RawData!$P:$P,">-100",RawData!$P:$P,"<100") | D7: =MEDIAN(_xlfn._xlws.FILTER(RawData!$P$2:$P$21560,(RawData!$A$2:$A$21560=A7)*(RawData!$P$2:$P$21560<>0)))
A8: 2020 | B8: =COUNTIFS(RawData!$A:$A,A8,RawData!$P:$P,">-100",RawData!$P:$P,"<100") | C8: =AVERAGEIFS(RawData!$P:$P,RawData!$A:$A,A8,RawData!$P:$P,">-100",RawData!$P:$P,"<100") | D8: =MEDIAN(_xlfn._xlws.FILTER(RawData!$P$2:$P$21560,(RawData!$A$2:$A$21560=A8)*(RawData!$P$2:$P$21560<>0)))
A9: 2021 | B9: =COUNTIFS(RawData!$A:$A,A9,RawData!$P:$P,">-100",RawData!$P:$P,"<100") | C9: =AVERAGEIFS(RawData!$P:$P,RawData!$A:$A,A9,RawData!$P:$P,">-100",RawData!$P:$P,"<100") | D9: =MEDIAN(_xlfn._xlws.FILTER(RawData!$P$2:$P$21560,(RawData!$A$2:$A$21560=A9)*(RawData!$P$2:$P$21560<>0)))
A10: 2022 | B10: =COUNTIFS(RawData!$A:$A,A10,RawData!$P:$P,">-100",RawData!$P:$P,"<100") | C10: =AVERAGEIFS(RawData!$P:$P,RawData!$A:$A,A10,RawData!$P:$P,">-100",RawData!$P:$P,"<100") | D10: =MEDIAN(_xlfn._xlws.FILTER(RawData!$P$2:$P$21560,(RawData!$A$2:$A$21560=A10)*(RawData!$P$2:$P$21560<>0)))
A11: 2023 | B11: =COUNTIFS(RawData!$A:$A,A11,RawData!$P:$P,">-100",RawData!$P:$P,"<100") | C11: =AVERAGEIFS(RawData!$P:$P,RawData!$A:$A,A11,RawData!$P:$P,">-100",RawData!$P:$P,"<100") | D11: =MEDIAN(_xlfn._xlws.FILTER(RawData!$P$2:$P$21560,(RawData!$A$2:$A$21560=A11)*(RawData!$P$2:$P$21560<>0)))
A12: 2024 | B12: =COUNTIFS(RawData!$A:$A,A12,RawData!$P:$P,">-100",RawData!$P:$P,"<100") | C12: =AVERAGEIFS(RawData!$P:$P,RawData!$A:$A,A12,RawData!$P:$P,">-100",RawData!$P:$P,"<100") | D12: =MEDIAN(_xlfn._xlws.FILTER(RawData!$P$2:$P$21560,(RawData!$A$2:$A$21560=A12)*(RawData!$P$2:$P$21560<>0)))
A13: 2025 | B13: =COUNTIFS(RawData!$A:$A,A13,RawData!$P:$P,">-100",RawData!$P:$P,"<100") | C13: =AVERAGEIFS(RawData!$P:$P,RawData!$A:$A,A13,RawData!$P:$P,">-100",RawData!$P:$P,"<100") | D13: =MEDIAN(_xlfn._xlws.FILTER(RawData!$P$2:$P$21560,(RawData!$A$2:$A$21560=A13)*(RawData!$P$2:$P$21560<>0)))
A15: 평균의 평균 | C15: =AVERAGE(C3:C13) | D15: =AVERAGE(D3:D13)
A17: [참고: 소수 변환]
A18: drift_mean | C18: =C15/100
A19: drift_median | C19: =D15/100

Sheet YearlyStats
A1: [연도별 할인율/임금상승률 평균]
A2: 연도 | B2: 건수 | C2: 할인율 avg(%) | D2: 임금상승률 avg(%) | E2: Δavg_할인율(%p) | F2: Δavg_임금상승률(%p)
A3: 2014 | B3: =COUNTIFS(RawData!$A:$A,A3,RawData!$H:$H,">0",RawData!$I:$I,">0") | C3: =AVERAGEIFS(RawData!$H:$H,RawData!$A:$A,A3,RawData!$H:$H,">0",RawData!$I:$I,">0") | D3: =AVERAGEIFS(RawData!$I:$I,RawData!$A:$A,A3,RawData!$H:$H,">0",RawData!$I:$I,">0")
A4: 2015 | B4: =COUNTIFS(RawData!$A:$A,A4,RawData!$H:$H,">0",RawData!$I:$I,">0") | C4: =AVERAGEIFS(RawData!$H:$H,RawData!$A:$A,A4,RawData!$H:$H,">0",RawData!$I:$I,">0") | D4: =AVERAGEIFS(RawData!$I:$I,RawData!$A:$A,A4,RawData!$H:$H,">0",RawData!$I:$I,">0") | E4: =C4-C3 | F4: =D4-D3
A5: 2016 | B5: =COUNTIFS(RawData!$A:$A,A5,RawData!$H:$H,">0",RawData!$I:$I,">0") | C5: =AVERAGEIFS(RawData!$H:$H,RawData!$A:$A,A5,RawData!$H:$H,">0",RawData!$I:$I,">0") | D5: =AVERAGEIFS(RawData!$I:$I,RawData!$A:$A,A5,RawData!$H:$H,">0",RawData!$I:$I,">0") | E5: =C5-C4 | F5: =D5-D4
A6: 2017 | B6: =COUNTIFS(RawData!$A:$A,A6,RawData!$H:$H,">0",RawData!$I:$I,">0") | C6: =AVERAGEIFS(RawData!$H:$H,RawData!$A:$A,A6,RawData!$H:$H,">0",RawData!$I:$I,">0") | D6: =AVERAGEIFS(RawData!$I:$I,RawData!$A:$A,A6,RawData!$H:$H,">0",RawData!$I:$I,">0") | E6: =C6-C5 | F6: =D6-D5
A7: 2018 | B7: =COUNTIFS(RawData!$A:$A,A7,RawData!$H:$H,">0",RawData!$I:$I,">0") | C7: =AVERAGEIFS(RawData!$H:$H,RawData!$A:$A,A7,RawData!$H:$H,">0",RawData!$I:$I,">0") | D7: =AVERAGEIFS(RawData!$I:$I,RawData!$A:$A,A7,RawData!$H:$H,">0",RawData!$I:$I,">0") | E7: =C7-C6 | F7: =D7-D6
A8: 2019 | B8: =COUNTIFS(RawData!$A:$A,A8,RawData!$H:$H,">0",RawData!$I:$I,">0") | C8: =AVERAGEIFS(RawData!$H:$H,RawData!$A:$A,A8,RawData!$H:$H,">0",RawData!$I:$I,">0") | D8: =AVERAGEIFS(RawData!$I:$I,RawData!$A:$A,A8,RawData!$H:$H,">0",RawData!$I:$I,">0") | E8: =C8-C7 | F8: =D8-D7
A9: 2020 | B9: =COUNTIFS(RawData!$A:$A,A9,RawData!$H:$H,">0",RawData!$I:$I,">0") | C9: =AVERAGEIFS(RawData!$H:$H,RawData!$A:$A,A9,RawData!$H:$H,">0",RawData!$I:$I,">0") | D9: =AVERAGEIFS(RawData!$I:$I,RawData!$A:$A,A9,RawData!$H:$H,">0",RawData!$I:$I,">0") | E9: =C9-C8 | F9: =D9-D8
A10: 2021 | B10: =COUNTIFS(RawData!$A:$A,A10,RawData!$H:$H,">0",RawData!$I:$I,">0") | C10: =AVERAGEIFS(RawData!$H:$H,RawData!$A:$A,A10,RawData!$H:$H,">0",RawData!$I:$I,">0") | D10: =AVERAGEIFS(RawData!$I:$I,RawData!$A:$A,A10,RawData!$H:$H,">0",RawData!$I:$I,">0") | E10: =C10-C9 | F10: =D10-D9
A11: 2022 | B11: =COUNTIFS(RawData!$A:$A,A11,RawData!$H:$H,">0",RawData!$I:$I,">0") | C11: =AVERAGEIFS(RawData!$H:$H,RawData!$A:$A,A11,RawData!$H:$H,">0",RawData!$I:$I,">0") | D11: =AVERAGEIFS(RawData!$I:$I,RawData!$A:$A,A11,RawData!$H:$H,">0",RawData!$I:$I,">0") | E11: =C11-C10 | F11: =D11-D10
A12: 2023 | B12: =COUNTIFS(RawData!$A:$A,A12,RawData!$H:$H,">0",RawData!$I:$I,">0") | C12: =AVERAGEIFS(RawData!$H:$H,RawData!$A:$A,A12,RawData!$H:$H,">0",RawData!$I:$I,">0") | D12: =AVERAGEIFS(RawData!$I:$I,RawData!$A:$A,A12,RawData!$H:$H,">0",RawData!$I:$I,">0") | E12: =C12-C11 | F12: =D12-D11
A13: 2024 | B13: =COUNTIFS(RawData!$A:$A,A13,RawData!$H:$H,">0",RawData!$I:$I,">0") | C13: =AVERAGEIFS(RawData!$H:$H,RawData!$A:$A,A13,RawData!$H:$H,">0",RawData!$I:$I,">0") | D13: =AVERAGEIFS(RawData!$I:$I,RawData!$A:$A,A13,RawData!$H:$H,">0",RawData!$I:$I,">0") | E13: =C13-C12 | F13: =D13-D12
A14: 2025 | B14: =COUNTIFS(RawData!$A:$A,A14,RawData!$H:$H,">0",RawData!$I:$I,">0") | C14: =AVERAGEIFS(RawData!$H:$H,RawData!$A:$A,A14,RawData!$H:$H,">0",RawData!$I:$I,">0") | D14: =AVERAGEIFS(RawData!$I:$I,RawData!$A:$A,A14,RawData!$H:$H,">0",RawData!$I:$I,">0") | E14: =C14-C13 | F14: =D14-D13
A16: 구분 | C16: 할인율 | D16: 임금상승률
A17: 장기균형(%) | C17: =AVERAGE(C3:C14) | D17: =AVERAGE(D3:D14)
A18: 현재값(%) | C18: =C14 | D18: =D14
A19: 변동성(%) | C19: =STDEV(C3:C14) | D19: =STDEV(D3:D14)
A21: [소수 변환]
A22: Y_inf | C22: =C17/100
A23: I_inf | C23: =D17/100
A24: Y_init | C24: =C18/100
A25: I_init | C25: =D18/100
A26: Vol_y | C26: =C19/100
A27: Vol_i | C27: =D19/100
A29: [상관계수]
A30: rho (연도평균 Δ상관) | C30: =CORREL(E4:E14,F4:F14)

Sheet Velocity
A1: [CV: 패널 MLE (X_inf 고정, 절편 없는 OLS)]
A2: Vasicek: ΔX(i,t) = CV × (X_inf - X(i,t-1)) + ε
A4: 파라미터 | B4: 수식 | C4: 값
A5: CV_y (할인율) | B5: Σ(d할인율×gap)/Σ(gap²), gap=Y_inf-할인율_prev | C5: =SUMPRODUCT(1*ISNUMBER(RawData!$S$2:$S$21560)*RawData!$S$2:$S$21560*1*ISNUMBER(RawData!$Q$2:$Q$21560)*(YearlyStats!C17-RawData!$Q$2:$Q$21560))/SUMPRODUCT(1*ISNUMBER(RawData!$Q$2:$Q$21560)*((YearlyStats!C17-RawData!$Q$2:$Q$21560)^2))
A6: CV_i (임금상승률) | B6: Σ(d임금상승률×gap)/Σ(gap²), gap=I_inf-임금상승률_prev | C6: =SUMPRODUCT(1*ISNUMBER(RawData!$T$2:$T$21560)*RawData!$T$2:$T$21560*1*ISNUMBER(RawData!$R$2:$R$21560)*(YearlyStats!D17-RawData!$R$2:$R$21560))/SUMPRODUCT(1*ISNUMBER(RawData!$R$2:$R$21560)*((YearlyStats!D17-RawData!$R$2:$R$21560)^2))
A7: 유효 쌍 수 (할인율) | C7: =SUMPRODUCT((ISNUMBER(RawData!$S$2:$S$21560))*1)
A8: 유효 쌍 수 (임금상승률) | C8: =SUMPRODUCT((ISNUMBER(RawData!$T$2:$T$21560))*1)

Sheet Duration
A1: [Duration & 볼록성 (2025)]
A2: 항목 | B2: 수식 | C2: 값 | D2: 건수
A3: [연도별 추이]
A4: 연도 | B4: Duration(LLM) | C4: 건수 | D4: 유효듀레이션 | E4: 건수 | F4: 볼록성 | G4: 건수
A5: 2014 | B5: =AVERAGEIFS(RawData!$J:$J,RawData!$A:$A,A5,RawData!$J:$J,">0") | C5: =COUNTIFS(RawData!$A:$A,A5,RawData!$J:$J,">0") | D5: =AVERAGEIFS(RawData!$U:$U,RawData!$A:$A,A5,RawData!$U:$U,">0") | E5: =COUNTIFS(RawData!$A:$A,A5,RawData!$U:$U,">0") | F5: =AVERAGEIFS(RawData!$V:$V,RawData!$A:$A,A5,RawData!$V:$V,">0") | G5: =COUNTIFS(RawData!$A:$A,A5,RawData!$V:$V,">0")
A6: 2015 | B6: =AVERAGEIFS(RawData!$J:$J,RawData!$A:$A,A6,RawData!$J:$J,">0") | C6: =COUNTIFS(RawData!$A:$A,A6,RawData!$J:$J,">0") | D6: =AVERAGEIFS(RawData!$U:$U,RawData!$A:$A,A6,RawData!$U:$U,">0") | E6: =COUNTIFS(RawData!$A:$A,A6,RawData!$U:$U,">0") | F6: =AVERAGEIFS(RawData!$V:$V,RawData!$A:$A,A6,RawData!$V:$V,">0") | G6: =COUNTIFS(RawData!$A:$A,A6,RawData!$V:$V,">0")
A7: 2016 | B7: =AVERAGEIFS(RawData!$J:$J,RawData!$A:$A,A7,RawData!$J:$J,">0") | C7: =COUNTIFS(RawData!$A:$A,A7,RawData!$J:$J,">0") | D7: =AVERAGEIFS(RawData!$U:$U,RawData!$A:$A,A7,RawData!$U:$U,">0") | E7: =COUNTIFS(RawData!$A:$A,A7,RawData!$U:$U,">0") | F7: =AVERAGEIFS(RawData!$V:$V,RawData!$A:$A,A7,RawData!$V:$V,">0") | G7: =COUNTIFS(RawData!$A:$A,A7,RawData!$V:$V,">0")
A8: 2017 | B8: =AVERAGEIFS(RawData!$J:$J,RawData!$A:$A,A8,RawData!$J:$J,">0") | C8: =COUNTIFS(RawData!$A:$A,A8,RawData!$J:$J,">0") | D8: =AVERAGEIFS(RawData!$U:$U,RawData!$A:$A,A8,RawData!$U:$U,">0") | E8: =COUNTIFS(RawData!$A:$A,A8,RawData!$U:$U,">0") | F8: =AVERAGEIFS(RawData!$V:$V,RawData!$A:$A,A8,RawData!$V:$V,">0") | G8: =COUNTIFS(RawData!$A:$A,A8,RawData!$V:$V,">0")
A9: 2018 | B9: =AVERAGEIFS(RawData!$J:$J,RawData!$A:$A,A9,RawData!$J:$J,">0") | C9: =COUNTIFS(RawData!$A:$A,A9,RawData!$J:$J,">0") | D9: =AVERAGEIFS(RawData!$U:$U,RawData!$A:$A,A9,RawData!$U:$U,">0") | E9: =COUNTIFS(RawData!$A:$A,A9,RawData!$U:$U,">0") | F9: =AVERAGEIFS(RawData!$V:$V,RawData!$A:$A,A9,RawData!$V:$V,">0") | G9: =COUNTIFS(RawData!$A:$A,A9,RawData!$V:$V,">0")
A10: 2019 | B10: =AVERAGEIFS(RawData!$J:$J,RawData!$A:$A,A10,RawData!$J:$J,">0") | C10: =COUNTIFS(RawData!$A:$A,A10,RawData!$J:$J,">0") | D10: =AVERAGEIFS(RawData!$U:$U,RawData!$A:$A,A10,RawData!$U:$U,">0") | E10: =COUNTIFS(RawData!$A:$A,A10,RawData!$U:$U,">0") | F10: =AVERAGEIFS(RawData!$V:$V,RawData!$A:$A,A10,RawData!$V:$V,">0") | G10: =COUNTIFS(RawData!$A:$A,A10,RawData!$V:$V,">0")
A11: 2020 | B11: =AVERAGEIFS(RawData!$J:$J,RawData!$A:$A,A11,RawData!$J:$J,">0") | C11: =COUNTIFS(RawData!$A:$A,A11,RawData!$J:$J,">0") | D11: =AVERAGEIFS(RawData!$U:$U,RawData!$A:$A,A11,RawData!$U:$U,">0") | E11: =COUNTIFS(RawData!$A:$A,A11,RawData!$U:$U,">0") | F11: =AVERAGEIFS(RawData!$V:$V,RawData!$A:$A,A11,RawData!$V:$V,">0") | G11: =COUNTIFS(RawData!$A:$A,A11,RawData!$V:$V,">0")
A12: 2021 | B12: =AVERAGEIFS(RawData!$J:$J,RawData!$A:$A,A12,RawData!$J:$J,">0") | C12: =COUNTIFS(RawData!$A:$A,A12,RawData!$J:$J,">0") | D12: =AVERAGEIFS(RawData!$U:$U,RawData!$A:$A,A12,RawData!$U:$U,">0") | E12: =COUNTIFS(RawData!$A:$A,A12,RawData!$U:$U,">0") | F12: =AVERAGEIFS(RawData!$V:$V,RawData!$A:$A,A12,RawData!$V:$V,">0") | G12: =COUNTIFS(RawData!$A:$A,A12,RawData!$V:$V,">0")
A13: 2022 | B13: =AVERAGEIFS(RawData!$J:$J,RawData!$A:$A,A13,RawData!$J:$J,">0") | C13: =COUNTIFS(RawData!$A:$A,A13,RawData!$J:$J,">0") | D13: =AVERAGEIFS(RawData!$U:$U,RawData!$A:$A,A13,RawData!$U:$U,">0") | E13: =COUNTIFS(RawData!$A:$A,A13,RawData!$U:$U,">0") | F13: =AVERAGEIFS(RawData!$V:$V,RawData!$A:$A,A13,RawData!$V:$V,">0") | G13: =COUNTIFS(RawData!$A:$A,A13,RawData!$V:$V,">0")
A14: 2023 | B14: =AVERAGEIFS(RawData!$J:$J,RawData!$A:$A,A14,RawData!$J:$J,">0") | C14: =COUNTIFS(RawData!$A:$A,A14,RawData!$J:$J,">0") | D14: =AVERAGEIFS(RawData!$U:$U,RawData!$A:$A,A14,RawData!$U:$U,">0") | E14: =COUNTIFS(RawData!$A:$A,A14,RawData!$U:$U,">0") | F14: =AVERAGEIFS(RawData!$V:$V,RawData!$A:$A,A14,RawData!$V:$V,">0") | G14: =COUNTIFS(RawData!$A:$A,A14,RawData!$V:$V,">0")
A15: 2024 | B15: =AVERAGEIFS(RawData!$J:$J,RawData!$A:$A,A15,RawData!$J:$J,">0") | C15: =COUNTIFS(RawData!$A:$A,A15,RawData!$J:$J,">0") | D15: =AVERAGEIFS(RawData!$U:$U,RawData!$A:$A,A15,RawData!$U:$U,">0") | E15: =COUNTIFS(RawData!$A:$A,A15,RawData!$U:$U,">0") | F15: =AVERAGEIFS(RawData!$V:$V,RawData!$A:$A,A15,RawData!$V:$V,">0") | G15: =COUNTIFS(RawData!$A:$A,A15,RawData!$V:$V,">0")
A16: 2025 | B16: =AVERAGEIFS(RawData!$J:$J,RawData!$A:$A,A16,RawData!$J:$J,">0") | C16: =COUNTIFS(RawData!$A:$A,A16,RawData!$J:$J,">0") | D16: =AVERAGEIFS(RawData!$U:$U,RawData!$A:$A,A16,RawData!$U:$U,">0") | E16: =COUNTIFS(RawData!$A:$A,A16,RawData!$U:$U,">0") | F16: =AVERAGEIFS(RawData!$V:$V,RawData!$A:$A,A16,RawData!$V:$V,">0") | G16: =COUNTIFS(RawData!$A:$A,A16,RawData!$V:$V,">0")
A18: [요약]
A19: 구분 | B19: Duration(LLM) | D19: 유효듀레이션 | F19: 볼록성
A20: 전체 평균 | B20: =AVERAGE(B5:B16) | D20: =AVERAGE(D5:D16) | F20: =AVERAGE(F5:F16)
A21: 최근 3년 평균 | B21: =AVERAGE(B14:B16) | D21: =AVERAGE(D14:D16) | F21: =AVERAGE(F14:F16)
A22: 최근 5년 평균 | B22: =AVERAGE(B12:B16) | D22: =AVERAGE(D12:D16) | F22: =AVERAGE(F12:F16)
A23: 최신(2025) | B23: =B16 | D23: =D16 | F23: =F16
A25: [사용 값 선택] | B25: ← 위 요약에서 원하는 셀 참조 입력
A26: Duration 선택 | B26: =AVERAGE(D12:D16) | C26: ← 유효듀레이션 최근 5년 평균
A27: 볼록성 선택 | B27: =AVERAGE(F14:F16) | C27: ← 볼록성 최근 3년 평균
A28: 볼록성 연간조정(소수) | B28: =0.5*B27*(YearlyStats!C26)^2

Sheet Parameters
A1: [파라미터 요약 — 모든 값이 다른 시트 수식 참조]
A2: 파라미터 | B2: 의미 | C2: 값 (소수) | D2: 값 (%) | E2: 출처 셀
A3: Y_inf | B3: 할인율 장기균형 | C3: =YearlyStats!C22 | D3: =YearlyStats!C17 | E3: YearlyStats!C17
A4: Y_init | B4: 할인율 현재값(2025) | C4: =YearlyStats!C24 | D4: =YearlyStats!C18 | E4: YearlyStats!C18
A5: CV_y | B5: 할인율 회귀속도 | C5: =Velocity!C5 | E5: Velocity!C5
A6: Vol_y | B6: 할인율 변동성 | C6: =YearlyStats!C26 | D6: =YearlyStats!C19 | E6: YearlyStats!C19
A7: Duration | B7: 유효듀레이션 (Duration 시트 선택) | C7: =Duration!B26 | E7: Duration!B26
A8: 볼록성 | B8: 볼록성 | C8: =Duration!B27 | E8: Duration!B27
A9: drift_mean | B9: drift 보정평균 | C9: =Drift!C18 | D9: =Drift!C15 | E9: Drift!C18
A10: drift_median | B10: drift 보정중앙값 | C10: =Drift!C19 | D10: =Drift!D15 | E10: Drift!C19
A11: rho | B11: 상관계수 (참고) | C11: =YearlyStats!C30 | E11: YearlyStats!C30
A12: 볼록성_adj | B12: 볼록성 연간조정 | C12: =Duration!B28 | E12: Duration!B28

Sheet Simulation
A1: [수식 기반 시뮬레이션 (n=100, seed=42)]
A2: Y_inf | B2: =Parameters!C3 | C2: Y_init | D2: =Parameters!C4 | E2: CV_y | F2: =Parameters!C5 | G2: Vol_y | H2: =Parameters!C6
A3: Duration | B3: =Parameters!C7 | C3: 볼록성 | D3: =Parameters!C8 | E3: drift_mean | F3: =Parameters!C9 | G3: drift_med | H3: =Parameters!C10
A5: [4모델 비교]
A6: 모델 | B6: drift | C6: 볼록성 | D6: Year 0 | E6: Year 1 | F6: Year 2 | G6: Year 3 | H6: Year 4 | I6: Year 5 | J6: 1Y 증가율 | K6: 5Y 연환산
A7: A. 보정평균 | B7: =$F$3 | C7: X | D7: =B13 | E7: =C13 | F7: =D13 | G7: =E13 | H7: =F13 | I7: =G13 | J7: =B27 | K7: =B20
A8: B. 보정평균+볼록성 | B8: =$F$3 | C8: O | D8: =B30 | E8: =C30 | F8: =D30 | G8: =E30 | H8: =F30 | I8: =G30 | J8: =B44 | K8: =B37
A9: C. 보정중앙값 | B9: =$H$3 | C9: X | D9: =B47 | E9: =C47 | F9: =D47 | G9: =E47 | H9: =F47 | I9: =G47 | J9: =B61 | K9: =B54
A10: D. 보정중앙값+볼록성 | B10: =$H$3 | C10: O | D10: =B64 | E10: =C64 | F10: =D64 | G10: =E64 | H10: =F64 | I10: =G64 | J10: =B78 | K10: =B71
A12: [모델 A 통계: 보정평균]
A13: Mean | B13: =AVERAGE(B84:B183) | C13: =AVERAGE(C84:C183) | D13: =AVERAGE(D84:D183) | E13: =AVERAGE(E84:E183) | F13: =AVERAGE(F84:F183) | G13: =AVERAGE(G84:G183)
A14: Median | B14: =MEDIAN(B84:B183) | C14: =MEDIAN(C84:C183) | D14: =MEDIAN(D84:D183) | E14: =MEDIAN(E84:E183) | F14: =MEDIAN(F84:F183) | G14: =MEDIAN(G84:G183)
A15: 5th | B15: =PERCENTILE(B84:B183,0.05) | C15: =PERCENTILE(C84:C183,0.05) | D15: =PERCENTILE(D84:D183,0.05) | E15: =PERCENTILE(E84:E183,0.05) | F15: =PERCENTILE(F84:F183,0.05) | G15: =PERCENTILE(G84:G183,0.05)
A16: 25th | B16: =PERCENTILE(B84:B183,0.25) | C16: =PERCENTILE(C84:C183,0.25) | D16: =PERCENTILE(D84:D183,0.25) | E16: =PERCENTILE(E84:E183,0.25) | F16: =PERCENTILE(F84:F183,0.25) | G16: =PERCENTILE(G84:G183,0.25)
A17: 75th | B17: =PERCENTILE(B84:B183,0.75) | C17: =PERCENTILE(C84:C183,0.75) | D17: =PERCENTILE(D84:D183,0.75) | E17: =PERCENTILE(E84:E183,0.75) | F17: =PERCENTILE(F84:F183,0.75) | G17: =PERCENTILE(G84:G183,0.75)
A18: 95th | B18: =PERCENTILE(B84:B183,0.95) | C18: =PERCENTILE(C84:C183,0.95) | D18: =PERCENTILE(D84:D183,0.95) | E18: =PERCENTILE(E84:E183,0.95) | F18: =PERCENTILE(F84:F183,0.95) | G18: =PERCENTILE(G84:G183,0.95)
A20: Mean 연환산 | B20: =(G13/100)^(1/5)-1
A21: Median 연환산 | B21: =(G14/100)^(1/5)-1
A22: 5th 연환산 | B22: =(G15/100)^(1/5)-1
A23: 25th 연환산 | B23: =(G16/100)^(1/5)-1
A24: 75th 연환산 | B24: =(G17/100)^(1/5)-1
A25: 95th 연환산 | B25: =(G18/100)^(1/5)-1
A27: 1Y 증가율(Mean) | B27: =C13-100
A29: [모델 B 통계: 보정평균+볼록성]
A30: Mean | B30: =AVERAGE(B188:B287) | C30: =AVERAGE(C188:C287) | D30: =AVERAGE(D188:D287) | E30: =AVERAGE(E188:E287) | F30: =AVERAGE(F188:F287) | G30: =AVERAGE(G188:G287)
A31: Median | B31: =MEDIAN(B188:B287) | C31: =MEDIAN(C188:C287) | D31: =MEDIAN(D188:D287) | E31: =MEDIAN(E188:E287) | F31: =MEDIAN(F188:F287) | G31: =MEDIAN(G188:G287)
A32: 5th | B32: =PERCENTILE(B188:B287,0.05) | C32: =PERCENTILE(C188:C287,0.05) | D32: =PERCENTILE(D188:D287,0.05) | E32: =PERCENTILE(E188:E287,0.05) | F32: =PERCENTILE(F188:F287,0.05) | G32: =PERCENTILE(G188:G287,0.05)
A33: 25th | B33: =PERCENTILE(B188:B287,0.25) | C33: =PERCENTILE(C188:C287,0.25) | D33: =PERCENTILE(D188:D287,0.25) | E33: =PERCENTILE(E188:E287,0.25) | F33: =PERCENTILE(F188:F287,0.25) | G33: =PERCENTILE(G188:G287,0.25)
A34: 75th | B34: =PERCENTILE(B188:B287,0.75) | C34: =PERCENTILE(C188:C287,0.75) | D34: =PERCENTILE(D188:D287,0.75) | E34: =PERCENTILE(E188:E287,0.75) | F34: =PERCENTILE(F188:F287,0.75) | G34: =PERCENTILE(G188:G287,0.75)
A35: 95th | B35: =PERCENTILE(B188:B287,0.95) | C35: =PERCENTILE(C188:C287,0.95) | D35: =PERCENTILE(D188:D287,0.95) | E35: =PERCENTILE(E188:E287,0.95) | F35: =PERCENTILE(F188:F287,0.95) | G35: =PERCENTILE(G188:G287,0.95)
A37: Mean 연환산 | B37: =(G30/100)^(1/5)-1
A38: Median 연환산 | B38: =(G31/100)^(1/5)-1
A39: 5th 연환산 | B39: =(G32/100)^(1/5)-1
A40: 25th 연환산 | B40: =(G33/100)^(1/5)-1
A41: 75th 연환산 | B41: =(G34/100)^(1/5)-1
A42: 95th 연환산 | B42: =(G35/100)^(1/5)-1
A44: 1Y 증가율(Mean) | B44: =C30-100
A46: [모델 C 통계: 보정중앙값]
A47: Mean | B47: =AVERAGE(B292:B391) | C47: =AVERAGE(C292:C391) | D47: =AVERAGE(D292:D391) | E47: =AVERAGE(E292:E391) | F47: =AVERAGE(F292:F391) | G47: =AVERAGE(G292:G391)
A48: Median | B48: =MEDIAN(B292:B391) | C48: =MEDIAN(C292:C391) | D48: =MEDIAN(D292:D391) | E48: =MEDIAN(E292:E391) | F48: =MEDIAN(F292:F391) | G48: =MEDIAN(G292:G391)
A49: 5th | B49: =PERCENTILE(B292:B391,0.05) | C49: =PERCENTILE(C292:C391,0.05) | D49: =PERCENTILE(D292:D391,0.05) | E49: =PERCENTILE(E292:E391,0.05) | F49: =PERCENTILE(F292:F391,0.05) | G49: =PERCENTILE(G292:G391,0.05)
A50: 25th | B50: =PERCENTILE(B292:B391,0.25) | C50: =PERCENTILE(C292:C391,0.25) | D50: =PERCENTILE(D292:D391,0.25) | E50: =PERCENTILE(E292:E391,0.25) | F50: =PERCENTILE(F292:F391,0.25) | G50: =PERCENTILE(G292:G391,0.25)
A51: 75th | B51: =PERCENTILE(B292:B391,0.75) | C51: =PERCENTILE(C292:C391,0.75) | D51: =PERCENTILE(D292:D391,0.75) | E51: =PERCENTILE(E292:E391,0.75) | F51: =PERCENTILE(F292:F391,0.75) | G51: =PERCENTILE(G292:G391,0.75)
A52: 95th | B52: =PERCENTILE(B292:B391,0.95) | C52: =PERCENTILE(C292:C391,0.95) | D52: =PERCENTILE(D292:D391,0.95) | E52: =PERCENTILE(E292:E391,0.95) | F52: =PERCENTILE(F292:F391,0.95) | G52: =PERCENTILE(G292:G391,0.95)
A54: Mean 연환산 | B54: =(G47/100)^(1/5)-1
A55: Median 연환산 | B55: =(G48/100)^(1/5)-1
A56: 5th 연환산 | B56: =(G49/100)^(1/5)-1
A57: 25th 연환산 | B57: =(G50/100)^(1/5)-1
A58: 75th 연환산 | B58: =(G51/100)^(1/5)-1
A59: 95th 연환산 | B59: =(G52/100)^(1/5)-1
A61: 1Y 증가율(Mean) | B61: =C47-100
A63: [모델 D 통계: 보정중앙값+볼록성]
A64: Mean | B64: =AVERAGE(B396:B495) | C64: =AVERAGE(C396:C495) | D64: =AVERAGE(D396:D495) | E64: =AVERAGE(E396:E495) | F64: =AVERAGE(F396:F495) | G64: =AVERAGE(G396:G495)
A65: Median | B65: =MEDIAN(B396:B495) | C65: =MEDIAN(C396:C495) | D65: =MEDIAN(D396:D495) | E65: =MEDIAN(E396:E495) | F65: =MEDIAN(F396:F495) | G65: =MEDIAN(G396:G495)
A66: 5th | B66: =PERCENTILE(B396:B495,0.05) | C66: =PERCENTILE(C396:C495,0.05) | D66: =PERCENTILE(D396:D495,0.05) | E66: =PERCENTILE(E396:E495,0.05) | F66: =PERCENTILE(F396:F495,0.05) | G66: =PERCENTILE(G396:G495,0.05)
A67: 25th | B67: =PERCENTILE(B396:B495,0.25) | C67: =PERCENTILE(C396:C495,0.25) | D67: =PERCENTILE(D396:D495,0.25) | E67: =PERCENTILE(E396:E495,0.25) | F67: =PERCENTILE(F396:F495,0.25) | G67: =PERCENTILE(G396:G495,0.25)
A68: 75th | B68: =PERCENTILE(B396:B495,0.75) | C68: =PERCENTILE(C396:C495,0.75) | D68: =PERCENTILE(D396:D495,0.75) | E68: =PERCENTILE(E396:E495,0.75) | F68: =PERCENTILE(F396:F495,0.75) | G68: =PERCENTILE(G396:G495,0.75)
A69: 95th | B69: =PERCENTILE(B396:B495,0.95) | C69: =PERCENTILE(C396:C495,0.95) | D69: =PERCENTILE(D396:D495,0.95) | E69: =PERCENTILE(E396:E495,0.95) | F69: =PERCENTILE(F396:F495,0.95) | G69: =PERCENTILE(G396:G495,0.95)
A71: Mean 연환산 | B71: =(G64/100)^(1/5)-1
A72: Median 연환산 | B72: =(G65/100)^(1/5)-1
A73: 5th 연환산 | B73: =(G66/100)^(1/5)-1
A74: 25th 연환산 | B74: =(G67/100)^(1/5)-1
A75: 75th 연환산 | B75: =(G68/100)^(1/5)-1
A76: 95th 연환산 | B76: =(G69/100)^(1/5)-1
A78: 1Y 증가율(Mean) | B78: =C64-100
A82: [모델 A: 보정평균]
A83: Path# | B83: LIDX_t0 | C83: LIDX_t1 | D83: LIDX_t2 | E83: LIDX_t3 | F83: LIDX_t4 | G83: LIDX_t5 | H83: Y_t0 | I83: Y_t1 | J83: Y_t2 | K83: Y_t3 | L83: Y_t4 | M83: Y_t5 | N83: W_t1 | O83: W_t2 | P83: W_t3 | Q83: W_t4 | R83: W_t5
A84: 1 | B84: 100 | C84: =B84*(1+$F$3-$B$3*(I84-H84)) | D84: =C84*(1+$F$3-$B$3*(J84-I84)) | E84: =D84*(1+$F$3-$B$3*(K84-J84)) | F84: =E84*(1+$F$3-$B$3*(L84-K84)) | G84: =F84*(1+$F$3-$B$3*(M84-L84)) | H84: =$D$2 | I84: =H84+$F$2*($B$2-H84)+$H$2*N84 | J84: =I84+$F$2*($B$2-I84)+$H$2*O84 | K84: =J84+$F$2*($B$2-J84)+$H$2*P84 | L84: =K84+$F$2*($B$2-K84)+$H$2*Q84 | M84: =L84+$F$2*($B$2-L84)+$H$2*R84 | N84: 0.49671415 | O84: -0.1382643 | P84: 0.64768854 | Q84: 1.5230299 | R84: -0.23415337
A85: 2 | B85: 100 | C85: =B85*(1+$F$3-$B$3*(I85-H85)) | D85: =C85*(1+$F$3-$B$3*(J85-I85)) | E85: =D85*(1+$F$3-$B$3*(K85-J85)) | F85: =E85*(1+$F$3-$B$3*(L85-K85)) | G85: =F85*(1+$F$3-$B$3*(M85-L85)) | H85: =$D$2 | I85: =H85+$F$2*($B$2-H85)+$H$2*N85 | J85: =I85+$F$2*($B$2-I85)+$H$2*O85 | K85: =J85+$F$2*($B$2-J85)+$H$2*P85 | L85: =K85+$F$2*($B$2-K85)+$H$2*Q85 | M85: =L85+$F$2*($B$2-L85)+$H$2*R85 | N85: -0.23413696 | O85: 1.5792128 | P85: 0.76743473 | Q85: -0.46947439 | R85: 0.54256004
A86: 3 | B86: 100 | C86: =B86*(1+$F$3-$B$3*(I86-H86)) | D86: =C86*(1+$F$3-$B$3*(J86-I86)) | E86: =D86*(1+$F$3-$B$3*(K86-J86)) | F86: =E86*(1+$F$3-$B$3*(L86-K86)) | G86: =F86*(1+$F$3-$B$3*(M86-L86)) | H86: =$D$2 | I86: =H86+$F$2*($B$2-H86)+$H$2*N86 | J86: =I86+$F$2*($B$2-I86)+$H$2*O86 | K86: =J86+$F$2*($B$2-J86)+$H$2*P86 | L86: =K86+$F$2*($B$2-K86)+$H$2*Q86 | M86: =L86+$F$2*($B$2-L86)+$H$2*R86 | N86: -0.46341769 | O86: -0.46572975 | P86: 0.24196227 | Q86: -1.9132802 | R86: -1.7249178
A87: 4 | B87: 100 | C87: =B87*(1+$F$3-$B$3*(I87-H87)) | D87: =C87*(1+$F$3-$B$3*(J87-I87)) | E87: =D87*(1+$F$3-$B$3*(K87-J87)) | F87: =E87*(1+$F$3-$B$3*(L87-K87)) | G87: =F87*(1+$F$3-$B$3*(M87-L87)) | H87: =$D$2 | I87: =H87+$F$2*($B$2-H87)+$H$2*N87 | J87: =I87+$F$2*($B$2-I87)+$H$2*O87 | K87: =J87+$F$2*($B$2-J87)+$H$2*P87 | L87: =K87+$F$2*($B$2-K87)+$H$2*Q87 | M87: =L87+$F$2*($B$2-L87)+$H$2*R87 | N87: -0.56228753 | O87: -1.0128311 | P87: 0.31424733 | Q87: -0.90802408 | R87: -1.4123037
A88: 5 | B88: 100 | C88: =B88*(1+$F$3-$B$3*(I88-H88)) | D88: =C88*(1+$F$3-$B$3*(J88-I88)) | E88: =D88*(1+$F$3-$B$3*(K88-J88)) | F88: =E88*(1+$F$3-$B$3*(L88-K88)) | G88: =F88*(1+$F$3-$B$3*(M88-L88)) | H88: =$D$2 | I88: =H88+$F$2*($B$2-H88)+$H$2*N88 | J88: =I88+$F$2*($B$2-I88)+$H$2*O88 | K88: =J88+$F$2*($B$2-J88)+$H$2*P88 | L88: =K88+$F$2*($B$2-K88)+$H$2*Q88 | M88: =L88+$F$2*($B$2-L88)+$H$2*R88 | N88: 1.4656488 | O88: -0.2257763 | P88: 0.0675282 | Q88: -1.4247482 | R88: -0.54438272
A89: 6 | B89: 100 | C89: =B89*(1+$F$3-$B$3*(I89-H89)) | D89: =C89*(1+$F$3-$B$3*(J89-I89)) | E89: =D89*(1+$F$3-$B$3*(K89-J89)) | F89: =E89*(1+$F$3-$B$3*(L89-K89)) | G89: =F89*(1+$F$3-$B$3*(M89-L89)) | H89: =$D$2 | I89: =H89+$F$2*($B$2-H89)+$H$2*N89 | J89: =I89+$F$2*($B$2-I89)+$H$2*O89 | K89: =J89+$F$2*($B$2-J89)+$H$2*P89 | L89: =K89+$F$2*($B$2-K89)+$H$2*Q89 | M89: =L89+$F$2*($B$2-L89)+$H$2*R89 | N89: 0.11092259 | O89: -1.1509936 | P89: 0.37569802 | Q89: -0.60063869 | R89: -0.29169375
A90: 7 | B90: 100 | C90: =B90*(1+$F$3-$B$3*(I90-H90)) | D90: =C90*(1+$F$3-$B$3*(J90-I90)) | E90: =D90*(1+$F$3-$B$3*(K90-J90)) | F90: =E90*(1+$F$3-$B$3*(L90-K90)) | G90: =F90*(1+$F$3-$B$3*(M90-L90)) | H90: =$D$2 | I90: =H90+$F$2*($B$2-H90)+$H$2*N90 | J90: =I90+$F$2*($B$2-I90)+$H$2*O90 | K90: =J90+$F$2*($B$2-J90)+$H$2*P90 | L90: =K90+$F$2*($B$2-K90)+$H$2*Q90 | M90: =L90+$F$2*($B$2-L90)+$H$2*R90 | N90: -0.60170661 | O90: 1.8522782 | P90: -0.01349722 | Q90: -1.0577109 | R90: 0.82254491
A91: 8 | B91: 100 | C91: =B91*(1+$F$3-$B$3*(I91-H91)) | D91: =C91*(1+$F$3-$B$3*(J91-I91)) | E91: =D91*(1+$F$3-$B$3*(K91-J91)) | F91: =E91*(1+$F$3-$B$3*(L91-K91)) | G91: =F91*(1+$F$3-$B$3*(M91-L91)) | H91: =$D$2 | I91: =H91+$F$2*($B$2-H91)+$H$2*N91 | J91: =I91+$F$2*($B$2-I91)+$H$2*O91 | K91: =J91+$F$2*($B$2-J91)+$H$2*P91 | L91: =K91+$F$2*($B$2-K91)+$H$2*Q91 | M91: =L91+$F$2*($B$2-L91)+$H$2*R91 | N91: -1.2208436 | O91: 0.2088636 | P91: -1.9596701 | Q91: -1.3281861 | R91: 0.19686124
A92: 9 | B92: 100 | C92: =B92*(1+$F$3-$B$3*(I92-H92)) | D92: =C92*(1+$F$3-$B$3*(J92-I92)) | E92: =D92*(1+$F$3-$B$3*(K92-J92)) | F92: =E92*(1+$F$3-$B$3*(L92-K92)) | G92: =F92*(1+$F$3-$B$3*(M92-L92)) | H92: =$D$2 | I92: =H92+$F$2*($B$2-H92)+$H$2*N92 | J92: =I92+$F$2*($B$2-I92)+$H$2*O92 | K92: =J92+$F$2*($B$2-J92)+$H$2*P92 | L92: =K92+$F$2*($B$2-K92)+$H$2*Q92 | M92: =L92+$F$2*($B$2-L92)+$H$2*R92 | N92: 0.73846658 | O92: 0.17136828 | P92: -0.11564828 | Q92: -0.3011037 | R92: -1.478522
A93: 10 | B93: 100 | C93: =B93*(1+$F$3-$B$3*(I93-H93)) | D93: =C93*(1+$F$3-$B$3*(J93-I93)) | E93: =D93*(1+$F$3-$B$3*(K93-J93)) | F93: =E93*(1+$F$3-$B$3*(L93-K93)) | G93: =F93*(1+$F$3-$B$3*(M93-L93)) | H93: =$D$2 | I93: =H93+$F$2*($B$2-H93)+$H$2*N93 | J93: =I93+$F$2*($B$2-I93)+$H$2*O93 | K93: =J93+$F$2*($B$2-J93)+$H$2*P93 | L93: =K93+$F$2*($B$2-K93)+$H$2*Q93 | M93: =L93+$F$2*($B$2-L93)+$H$2*R93 | N93: -0.71984421 | O93: -0.46063877 | P93: 1.0571222 | Q93: 0.34361829 | R93: -1.7630402
A94: 11 | B94: 100 | C94: =B94*(1+$F$3-$B$3*(I94-H94)) | D94: =C94*(1+$F$3-$B$3*(J94-I94)) | E94: =D94*(1+$F$3-$B$3*(K94-J94)) | F94: =E94*(1+$F$3-$B$3*(L94-K94)) | G94: =F94*(1+$F$3-$B$3*(M94-L94)) | H94: =$D$2 | I94: =H94+$F$2*($B$2-H94)+$H$2*N94 | J94: =I94+$F$2*($B$2-I94)+$H$2*O94 | K94: =J94+$F$2*($B$2-J94)+$H$2*P94 | L94: =K94+$F$2*($B$2-K94)+$H$2*Q94 | M94: =L94+$F$2*($B$2-L94)+$H$2*R94 | N94: 0.32408397 | O94: -0.38508228 | P94: -0.676922 | Q94: 0.61167629 | R94: 1.0309995
A95: 12 | B95: 100 | C95: =B95*(1+$F$3-$B$3*(I95-H95)) | D95: =C95*(1+$F$3-$B$3*(J95-I95)) | E95: =D95*(1+$F$3-$B$3*(K95-J95)) | F95: =E95*(1+$F$3-$B$3*(L95-K95)) | G95: =F95*(1+$F$3-$B$3*(M95-L95)) | H95: =$D$2 | I95: =H95+$F$2*($B$2-H95)+$H$2*N95 | J95: =I95+$F$2*($B$2-I95)+$H$2*O95 | K95: =J95+$F$2*($B$2-J95)+$H$2*P95 | L95: =K95+$F$2*($B$2-K95)+$H$2*Q95 | M95: =L95+$F$2*($B$2-L95)+$H$2*R95 | N95: 0.93128012 | O95: -0.83921752 | P95: -0.30921238 | Q95: 0.33126343 | R95: 0.97554513
... A183: 100 | B183: 100 | C183: =B183*(1+$F$3-$B$3*(I183-H183)) | D183: =C183*(1+$F$3-$B$3*(J183-I183)) | E183: =D183*(1+$F$3-$B$3*(K183-J183)) | F183: =E183*(1+$F$3-$B$3*(L183-K183)) | G183: =F183*(1+$F$3-$B$3*(M183-L183)) | H183: =$D$2 | I183: =H183+$F$2*($B$2-H183)+$H$2*N183 | J183: =I183+$F$2*($B$2-I183)+$H$2*O183 | K183: =J183+$F$2*($B$2-J183)+$H$2*P183 | L183: =K183+$F$2*($B$2-K183)+$H$2*Q183 | M183: =L183+$F$2*($B$2-L183)+$H$2*R183 | N183: 0.53891004 | O183: -1.0372462 | P183: -0.19033868 | Q183: -0.87561825 | R183: -1.3827997
A186: [모델 B: 보정평균+볼록성]
A187: Path# | B187: LIDX_t0 | C187: LIDX_t1 | D187: LIDX_t2 | E187: LIDX_t3 | F187: LIDX_t4 | G187: LIDX_t5 | H187: Y_t0 | I187: Y_t1 | J187: Y_t2 | K187: Y_t3 | L187: Y_t4 | M187: Y_t5 | N187: W_t1 | O187: W_t2 | P187: W_t3 | Q187: W_t4 | R187: W_t5
A188: 1 | B188: 100 | C188: =B188*(1+$F$3-$B$3*(I188-H188)+0.5*$D$3*(I188-H188)^2) | D188: =C188*(1+$F$3-$B$3*(J188-I188)+0.5*$D$3*(J188-I188)^2) | E188: =D188*(1+$F$3-$B$3*(K188-J188)+0.5*$D$3*(K188-J188)^2) | F188: =E188*(1+$F$3-$B$3*(L188-K188)+0.5*$D$3*(L188-K188)^2) | G188: =F188*(1+$F$3-$B$3*(M188-L188)+0.5*$D$3*(M188-L188)^2) | H188: =$D$2 | I188: =H188+$F$2*($B$2-H188)+$H$2*N188 | J188: =I188+$F$2*($B$2-I188)+$H$2*O188 | K188: =J188+$F$2*($B$2-J188)+$H$2*P188 | L188: =K188+$F$2*($B$2-K188)+$H$2*Q188 | M188: =L188+$F$2*($B$2-L188)+$H$2*R188 | N188: 0.49671415 | O188: -0.1382643 | P188: 0.64768854 | Q188: 1.5230299 | R188: -0.23415337
A189: 2 | B189: 100 | C189: =B189*(1+$F$3-$B$3*(I189-H189)+0.5*$D$3*(I189-H189)^2) | D189: =C189*(1+$F$3-$B$3*(J189-I189)+0.5*$D$3*(J189-I189)^2) | E189: =D189*(1+$F$3-$B$3*(K189-J189)+0.5*$D$3*(K189-J189)^2) | F189: =E189*(1+$F$3-$B$3*(L189-K189)+0.5*$D$3*(L189-K189)^2) | G189: =F189*(1+$F$3-$B$3*(M189-L189)+0.5*$D$3*(M189-L189)^2) | H189: =$D$2 | I189: =H189+$F$2*($B$2-H189)+$H$2*N189 | J189: =I189+$F$2*($B$2-I189)+$H$2*O189 | K189: =J189+$F$2*($B$2-J189)+$H$2*P189 | L189: =K189+$F$2*($B$2-K189)+$H$2*Q189 | M189: =L189+$F$2*($B$2-L189)+$H$2*R189 | N189: -0.23413696 | O189: 1.5792128 | P189: 0.76743473 | Q189: -0.46947439 | R189: 0.54256004
A190: 3 | B190: 100 | C190: =B190*(1+$F$3-$B$3*(I190-H190)+0.5*$D$3*(I190-H190)^2) | D190: =C190*(1+$F$3-$B$3*(J190-I190)+0.5*$D$3*(J190-I190)^2) | E190: =D190*(1+$F$3-$B$3*(K190-J190)+0.5*$D$3*(K190-J190)^2) | F190: =E190*(1+$F$3-$B$3*(L190-K190)+0.5*$D$3*(L190-K190)^2) | G190: =F190*(1+$F$3-$B$3*(M190-L190)+0.5*$D$3*(M190-L190)^2) | H190: =$D$2 | I190: =H190+$F$2*($B$2-H190)+$H$2*N190 | J190: =I190+$F$2*($B$2-I190)+$H$2*O190 | K190: =J190+$F$2*($B$2-J190)+$H$2*P190 | L190: =K190+$F$2*($B$2-K190)+$H$2*Q190 | M190: =L190+$F$2*($B$2-L190)+$H$2*R190 | N190: -0.46341769 | O190: -0.46572975 | P190: 0.24196227 | Q190: -1.9132802 | R190: -1.7249178
A191: 4 | B191: 100 | C191: =B191*(1+$F$3-$B$3*(I191-H191)+0.5*$D$3*(I191-H191)^2) | D191: =C191*(1+$F$3-$B$3*(J191-I191)+0.5*$D$3*(J191-I191)^2) | E191: =D191*(1+$F$3-$B$3*(K191-J191)+0.5*$D$3*(K191-J191)^2) | F191: =E191*(1+$F$3-$B$3*(L191-K191)+0.5*$D$3*(L191-K191)^2) | G191: =F191*(1+$F$3-$B$3*(M191-L191)+0.5*$D$3*(M191-L191)^2) | H191: =$D$2 | I191: =H191+$F$2*($B$2-H191)+$H$2*N191 | J191: =I191+$F$2*($B$2-I191)+$H$2*O191 | K191: =J191+$F$2*($B$2-J191)+$H$2*P191 | L191: =K191+$F$2*($B$2-K191)+$H$2*Q191 | M191: =L191+$F$2*($B$2-L191)+$H$2*R191 | N191: -0.56228753 | O191: -1.0128311 | P191: 0.31424733 | Q191: -0.90802408 | R191: -1.4123037
A192: 5 | B192: 100 | C192: =B192*(1+$F$3-$B$3*(I192-H192)+0.5*$D$3*(I192-H192)^2) | D192: =C192*(1+$F$3-$B$3*(J192-I192)+0.5*$D$3*(J192-I192)^2) | E192: =D192*(1+$F$3-$B$3*(K192-J192)+0.5*$D$3*(K192-J192)^2) | F192: =E192*(1+$F$3-$B$3*(L192-K192)+0.5*$D$3*(L192-K192)^2) | G192: =F192*(1+$F$3-$B$3*(M192-L192)+0.5*$D$3*(M192-L192)^2) | H192: =$D$2 | I192: =H192+$F$2*($B$2-H192)+$H$2*N192 | J192: =I192+$F$2*($B$2-I192)+$H$2*O192 | K192: =J192+$F$2*($B$2-J192)+$H$2*P192 | L192: =K192+$F$2*($B$2-K192)+$H$2*Q192 | M192: =L192+$F$2*($B$2-L192)+$H$2*R192 | N192: 1.4656488 | O192: -0.2257763 | P192: 0.0675282 | Q192: -1.4247482 | R192: -0.54438272
A193: 6 | B193: 100 | C193: =B193*(1+$F$3-$B$3*(I193-H193)+0.5*$D$3*(I193-H193)^2) | D193: =C193*(1+$F$3-$B$3*(J193-I193)+0.5*$D$3*(J193-I193)^2) | E193: =D193*(1+$F$3-$B$3*(K193-J193)+0.5*$D$3*(K193-J193)^2) | F193: =E193*(1+$F$3-$B$3*(L193-K193)+0.5*$D$3*(L193-K193)^2) | G193: =F193*(1+$F$3-$B$3*(M193-L193)+0.5*$D$3*(M193-L193)^2) | H193: =$D$2 | I193: =H193+$F$2*($B$2-H193)+$H$2*N193 | J193: =I193+$F$2*($B$2-I193)+$H$2*O193 | K193: =J193+$F$2*($B$2-J193)+$H$2*P193 | L193: =K193+$F$2*($B$2-K193)+$H$2*Q193 | M193: =L193+$F$2*($B$2-L193)+$H$2*R193 | N193: 0.11092259 | O193: -1.1509936 | P193: 0.37569802 | Q193: -0.60063869 | R193: -0.29169375
A194: 7 | B194: 100 | C194: =B194*(1+$F$3-$B$3*(I194-H194)+0.5*$D$3*(I194-H194)^2) | D194: =C194*(1+$F$3-$B$3*(J194-I194)+0.5*$D$3*(J194-I194)^2) | E194: =D194*(1+$F$3-$B$3*(K194-J194)+0.5*$D$3*(K194-J194)^2) | F194: =E194*(1+$F$3-$B$3*(L194-K194)+0.5*$D$3*(L194-K194)^2) | G194: =F194*(1+$F$3-$B$3*(M194-L194)+0.5*$D$3*(M194-L194)^2) | H194: =$D$2 | I194: =H194+$F$2*($B$2-H194)+$H$2*N194 | J194: =I194+$F$2*($B$2-I194)+$H$2*O194 | K194: =J194+$F$2*($B$2-J194)+$H$2*P194 | L194: =K194+$F$2*($B$2-K194)+$H$2*Q194 | M194: =L194+$F$2*($B$2-L194)+$H$2*R194 | N194: -0.60170661 | O194: 1.8522782 | P194: -0.01349722 | Q194: -1.0577109 | R194: 0.82254491
A195: 8 | B195: 100 | C195: =B195*(1+$F$3-$B$3*(I195-H195)+0.5*$D$3*(I195-H195)^2) | D195: =C195*(1+$F$3-$B$3*(J195-I195)+0.5*$D$3*(J195-I195)^2) | E195: =D195*(1+$F$3-$B$3*(K195-J195)+0.5*$D$3*(K195-J195)^2) | F195: =E195*(1+$F$3-$B$3*(L195-K195)+0.5*$D$3*(L195-K195)^2) | G195: =F195*(1+$F$3-$B$3*(M195-L195)+0.5*$D$3*(M195-L195)^2) | H195: =$D$2 | I195: =H195+$F$2*($B$2-H195)+$H$2*N195 | J195: =I195+$F$2*($B$2-I195)+$H$2*O195 | K195: =J195+$F$2*($B$2-J195)+$H$2*P195 | L195: =K195+$F$2*($B$2-K195)+$H$2*Q195 | M195: =L195+$F$2*($B$2-L195)+$H$2*R195 | N195: -1.2208436 | O195: 0.2088636 | P195: -1.9596701 | Q195: -1.3281861 | R195: 0.19686124
A196: 9 | B196: 100 | C196: =B196*(1+$F$3-$B$3*(I196-H196)+0.5*$D$3*(I196-H196)^2) | D196: =C196*(1+$F$3-$B$3*(J196-I196)+0.5*$D$3*(J196-I196)^2) | E196: =D196*(1+$F$3-$B$3*(K196-J196)+0.5*$D$3*(K196-J196)^2) | F196: =E196*(1+$F$3-$B$3*(L196-K196)+0.5*$D$3*(L196-K196)^2) | G196: =F196*(1+$F$3-$B$3*(M196-L196)+0.5*$D$3*(M196-L196)^2) | H196: =$D$2 | I196: =H196+$F$2*($B$2-H196)+$H$2*N196 | J196: =I196+$F$2*($B$2-I196)+$H$2*O196 | K196: =J196+$F$2*($B$2-J196)+$H$2*P196 | L196: =K196+$F$2*($B$2-K196)+$H$2*Q196 | M196: =L196+$F$2*($B$2-L196)+$H$2*R196 | N196: 0.73846658 | O196: 0.17136828 | P196: -0.11564828 | Q196: -0.3011037 | R196: -1.478522
A197: 10 | B197: 100 | C197: =B197*(1+$F$3-$B$3*(I197-H197)+0.5*$D$3*(I197-H197)^2) | D197: =C197*(1+$F$3-$B$3*(J197-I197)+0.5*$D$3*(J197-I197)^2) | E197: =D197*(1+$F$3-$B$3*(K197-J197)+0.5*$D$3*(K197-J197)^2) | F197: =E197*(1+$F$3-$B$3*(L197-K197)+0.5*$D$3*(L197-K197)^2) | G197: =F197*(1+$F$3-$B$3*(M197-L197)+0.5*$D$3*(M197-L197)^2) | H197: =$D$2 | I197: =H197+$F$2*($B$2-H197)+$H$2*N197 | J197: =I197+$F$2*($B$2-I197)+$H$2*O197 | K197: =J197+$F$2*($B$2-J197)+$H$2*P197 | L197: =K197+$F$2*($B$2-K197)+$H$2*Q197 | M197: =L197+$F$2*($B$2-L197)+$H$2*R197 | N197: -0.71984421 | O197: -0.46063877 | P197: 1.0571222 | Q197: 0.34361829 | R197: -1.7630402
A198: 11 | B198: 100 | C198: =B198*(1+$F$3-$B$3*(I198-H198)+0.5*$D$3*(I198-H198)^2) | D198: =C198*(1+$F$3-$B$3*(J198-I198)+0.5*$D$3*(J198-I198)^2) | E198: =D198*(1+$F$3-$B$3*(K198-J198)+0.5*$D$3*(K198-J198)^2) | F198: =E198*(1+$F$3-$B$3*(L198-K198)+0.5*$D$3*(L198-K198)^2) | G198: =F198*(1+$F$3-$B$3*(M198-L198)+0.5*$D$3*(M198-L198)^2) | H198: =$D$2 | I198: =H198+$F$2*($B$2-H198)+$H$2*N198 | J198: =I198+$F$2*($B$2-I198)+$H$2*O198 | K198: =J198+$F$2*($B$2-J198)+$H$2*P198 | L198: =K198+$F$2*($B$2-K198)+$H$2*Q198 | M198: =L198+$F$2*($B$2-L198)+$H$2*R198 | N198: 0.32408397 | O198: -0.38508228 | P198: -0.676922 | Q198: 0.61167629 | R198: 1.0309995
A199: 12 | B199: 100 | C199: =B199*(1+$F$3-$B$3*(I199-H199)+0.5*$D$3*(I199-H199)^2) | D199: =C199*(1+$F$3-$B$3*(J199-I199)+0.5*$D$3*(J199-I199)^2) | E199: =D199*(1+$F$3-$B$3*(K199-J199)+0.5*$D$3*(K199-J199)^2) | F199: =E199*(1+$F$3-$B$3*(L199-K199)+0.5*$D$3*(L199-K199)^2) | G199: =F199*(1+$F$3-$B$3*(M199-L199)+0.5*$D$3*(M199-L199)^2) | H199: =$D$2 | I199: =H199+$F$2*($B$2-H199)+$H$2*N199 | J199: =I199+$F$2*($B$2-I199)+$H$2*O199 | K199: =J199+$F$2*($B$2-J199)+$H$2*P199 | L199: =K199+$F$2*($B$2-K199)+$H$2*Q199 | M199: =L199+$F$2*($B$2-L199)+$H$2*R199 | N199: 0.93128012 | O199: -0.83921752 | P199: -0.30921238 | Q199: 0.33126343 | R199: 0.97554513
... A287: 100 | B287: 100 | C287: =B287*(1+$F$3-$B$3*(I287-H287)+0.5*$D$3*(I287-H287)^2) | D287: =C287*(1+$F$3-$B$3*(J287-I287)+0.5*$D$3*(J287-I287)^2) | E287: =D287*(1+$F$3-$B$3*(K287-J287)+0.5*$D$3*(K287-J287)^2) | F287: =E287*(1+$F$3-$B$3*(L287-K287)+0.5*$D$3*(L287-K287)^2) | G287: =F287*(1+$F$3-$B$3*(M287-L287)+0.5*$D$3*(M287-L287)^2) | H287: =$D$2 | I287: =H287+$F$2*($B$2-H287)+$H$2*N287 | J287: =I287+$F$2*($B$2-I287)+$H$2*O287 | K287: =J287+$F$2*($B$2-J287)+$H$2*P287 | L287: =K287+$F$2*($B$2-K287)+$H$2*Q287 | M287: =L287+$F$2*($B$2-L287)+$H$2*R287 | N287: 0.53891004 | O287: -1.0372462 | P287: -0.19033868 | Q287: -0.87561825 | R287: -1.3827997
A290: [모델 C: 보정중앙값]
A291: Path# | B291: LIDX_t0 | C291: LIDX_t1 | D291: LIDX_t2 | E291: LIDX_t3 | F291: LIDX_t4 | G291: LIDX_t5 | H291: Y_t0 | I291: Y_t1 | J291: Y_t2 | K291: Y_t3 | L291: Y_t4 | M291: Y_t5 | N291: W_t1 | O291: W_t2 | P291: W_t3 | Q291: W_t4 | R291: W_t5
A292: 1 | B292: 100 | C292: =B292*(1+$H$3-$B$3*(I292-H292)) | D292: =C292*(1+$H$3-$B$3*(J292-I292)) | E292: =D292*(1+$H$3-$B$3*(K292-J292)) | F292: =E292*(1+$H$3-$B$3*(L292-K292)) | G292: =F292*(1+$H$3-$B$3*(M292-L292)) | H292: =$D$2 | I292: =H292+$F$2*($B$2-H292)+$H$2*N292 | J292: =I292+$F$2*($B$2-I292)+$H$2*O292 | K292: =J292+$F$2*($B$2-J292)+$H$2*P292 | L292: =K292+$F$2*($B$2-K292)+$H$2*Q292 | M292: =L292+$F$2*($B$2-L292)+$H$2*R292 | N292: 0.49671415 | O292: -0.1382643 | P292: 0.64768854 | Q292: 1.5230299 | R292: -0.23415337
A293: 2 | B293: 100 | C293: =B293*(1+$H$3-$B$3*(I293-H293)) | D293: =C293*(1+$H$3-$B$3*(J293-I293)) | E293: =D293*(1+$H$3-$B$3*(K293-J293)) | F293: =E293*(1+$H$3-$B$3*(L293-K293)) | G293: =F293*(1+$H$3-$B$3*(M293-L293)) | H293: =$D$2 | I293: =H293+$F$2*($B$2-H293)+$H$2*N293 | J293: =I293+$F$2*($B$2-I293)+$H$2*O293 | K293: =J293+$F$2*($B$2-J293)+$H$2*P293 | L293: =K293+$F$2*($B$2-K293)+$H$2*Q293 | M293: =L293+$F$2*($B$2-L293)+$H$2*R293 | N293: -0.23413696 | O293: 1.5792128 | P293: 0.76743473 | Q293: -0.46947439 | R293: 0.54256004
A294: 3 | B294: 100 | C294: =B294*(1+$H$3-$B$3*(I294-H294)) | D294: =C294*(1+$H$3-$B$3*(J294-I294)) | E294: =D294*(1+$H$3-$B$3*(K294-J294)) | F294: =E294*(1+$H$3-$B$3*(L294-K294)) | G294: =F294*(1+$H$3-$B$3*(M294-L294)) | H294: =$D$2 | I294: =H294+$F$2*($B$2-H294)+$H$2*N294 | J294: =I294+$F$2*($B$2-I294)+$H$2*O294 | K294: =J294+$F$2*($B$2-J294)+$H$2*P294 | L294: =K294+$F$2*($B$2-K294)+$H$2*Q294 | M294: =L294+$F$2*($B$2-L294)+$H$2*R294 | N294: -0.46341769 | O294: -0.46572975 | P294: 0.24196227 | Q294: -1.9132802 | R294: -1.7249178
...

Sheet Summary_Python
A1: [Python 시뮬레이션 (n=10K, seed=42) — 검증용]
A2: 파라미터
A3: 파라미터 | B3: 의미 | C3: 산출값 | D3: 산출 방법
A4: Y_inf | B4: 할인율 장기균형 | C4: 0.033893 | D4: 연도별 평균의 평균
A5: Y_init | B5: 할인율 현재값 (2025) | C5: 0.04369 | D5: 2025 연도평균
A6: CV_y | B6: 할인율 회귀속도 | C6: 0.3193 | D6: 패널 MLE
A7: Vol_y | B7: 할인율 변동성 | C7: 0.009724 | D7: 연도별 평균의 std
A8: Duration | B8: 유효듀레이션 (최근5Y) | C8: 6.46 | D8: 민감도 역산, 최근 5년 평균
A9: 볼록성 | B9: 볼록성 (최근3Y) | C9: 85.3 | D9: 민감도 역산, 최근 3년 평균
A10: drift_mean | B10: drift 보정평균 | C10: 0.0668 | D10: (SC-BP+IC)/DBO_{t-1} 평균
A11: drift_median | B11: drift 보정중앙값 | C11: 0.0761 | D11: (SC-BP+IC)/DBO_{t-1} 중앙값
A12: rho | B12: 상관계수 (참고) | C12: 0.6482 | D12: 연도평균 delta 상관
A15: [4모델 비교 (10K, seed=42)]
A16: 모델 | B16: drift | C16: 볼록성 | D16: Year 0 | E16: Year 1 | F16: Year 2 | G16: Year 3 | H16: Year 4 | I16: Year 5 | J16: 1Y 증가율 | K16: 5Y 연환산
A17: A. 보정평균(6.7%) | B17: 6.68 | C17: X | D17: 100 | E17: 108.7 | F17: 117.23 | G17: 126.06 | H17: 135.08 | I17: 144.4 | J17: 8.7 | K17: 7.62
A18: B. 보정평균(6.7%)+볼록성 | B18: 6.68 | C18: O | D18: 100 | E18: 109.16 | F18: 118.21 | G18: 127.68 | H18: 137.41 | I18: 147.53 | J18: 9.16 | K18: 8.09
A19: C. 보정중앙값(7.6%) | B19: 7.61 | C19: X | D19: 100 | E19: 109.63 | F19: 119.26 | G19: 129.36 | H19: 139.82 | I19: 150.77 | J19: 9.63 | K19: 8.56
A20: D. 보정중앙값(7.6%)+볼록성 | B20: 7.61 | C20: O | D20: 100 | E20: 110.09 | F20: 120.25 | G20: 131.01 | H20: 142.21 | I20: 154.01 | J20: 10.09 | K20: 9.02
A23: [모델 A 분위수]
A24: 통계 | B24: Year 0 | C24: Year 1 | D24: Year 2 | E24: Year 3 | F24: Year 4 | G24: Year 5 | H24: 5Y 연환산
A25: Mean | B25: 100 | C25: 108.7 | D25: 117.23 | E25: 126.06 | F25: 135.08 | G25: 144.4 | H25: 7.62
A26: Stdev | B26: 0 | C26: 6.38 | D26: 8.3 | E26: 9.57 | F26: 10.57 | G26: 11.42 | H26: -35.21
A27: 5th | B27: 100 | C27: 98.19 | D27: 103.93 | E27: 111.09 | F27: 118.36 | G27: 126.25 | H27: 4.77
A28: 25th | B28: 100 | C28: 104.4 | D28: 111.57 | E28: 119.29 | F28: 127.8 | G28: 136.45 | H28: 6.41
A29: Median | B29: 100 | C29: 108.62 | D29: 117.07 | E29: 125.8 | F29: 134.8 | G29: 143.94 | H29: 7.56
A30: 75th | B30: 100 | C30: 113.08 | D30: 122.72 | E30: 132.52 | F30: 142.07 | G30: 152.13 | H30: 8.75
A31: 95th | B31: 100 | C31: 119.22 | D31: 131.24 | E31: 142.08 | F31: 152.72 | G31: 163.38 | H31: 10.32
A32: Min | B32: 100 | C32: 84.03 | D32: 83.67 | E32: 91.68 | F32: 99.72 | G32: 108.54 | H32: 1.65
A33: Max | B33: 100 | C33: 135.7 | D33: 151.2 | E33: 165.25 | F33: 174.48 | G33: 194.97 | H33: 14.29
A35: [모델 B 분위수]
A36: 통계 | B36: Year 0 | C36: Year 1 | D36: Year 2 | E36: Year 3 | F36: Year 4 | G36: Year 5 | H36: 5Y 연환산
A37: Mean | B37: 100 | C37: 109.16 | D37: 118.21 | E37: 127.68 | F37: 137.41 | G37: 147.53 | H37: 8.09
A38: Stdev | B38: 0 | C38: 6.68 | D38: 8.63 | E38: 9.92 | F38: 10.93 | G38: 11.81 | H38: -34.77
A39: 5th | B39: 100 | C39: 98.93 | D39: 104.87 | E39: 112.57 | F39: 120.55 | G39: 129.29 | H39: 5.27
A40: 25th | B40: 100 | C40: 104.46 | D40: 112.14 | E40: 120.61 | F40: 129.81 | G40: 139.18 | H40: 6.84
A41: Median | B41: 100 | C41: 108.66 | D41: 117.74 | E41: 127.17 | F41: 136.9 | G41: 146.93 | H41: 8
A42: 75th | B42: 100 | C42: 113.5 | D42: 123.67 | E42: 134.12 | F42: 144.45 | G42: 155.09 | H42: 9.17
A43: 95th | B43: 100 | C43: 120.83 | D43: 133.2 | E43: 144.75 | F43: 156.09 | G43: 167.4 | H43: 10.85
A44: Min | B44: 100 | C44: 89.26 | D44: 88.61 | E44: 96.23 | F44: 102.22 | G44: 114.61 | H44: 2.76
A45: Max | B45: 100 | C45: 144.29 | D45: 161.11 | E45: 172.42 | F45: 182.17 | G45: 205.56 | H45: 15.5
A47: [모델 C 분위수]
A48: 통계 | B48: Year 0 | C48: Year 1 | D48: Year 2 | E48: Year 3 | F48: Year 4 | G48: Year 5 | H48: 5Y 연환산
A49: Mean | B49: 100 | C49: 109.63 | D49: 119.26 | E49: 129.36 | F49: 139.82 | G49: 150.77 | H49: 8.56
A50: Stdev | B50: 0 | C50: 6.38 | D50: 8.38 | E50: 9.74 | F50: 10.85 | G50: 11.82 | H50: -34.76
A51: 5th | B51: 100 | C51: 99.12 | D51: 105.85 | E51: 114.12 | F51: 122.67 | G51: 131.99 | H51: 5.71
A52: 25th | B52: 100 | C52: 105.34 | D52: 113.55 | E52: 122.47 | F52: 132.35 | G52: 142.54 | H52: 7.35
A53: Median | B53: 100 | C53: 109.55 | D53: 119.1 | E53: 129.09 | F53: 139.54 | G53: 150.3 | H53: 8.49
A54: 75th | B54: 100 | C54: 114.01 | D54: 124.8 | E54: 135.93 | F54: 147 | G54: 158.78 | H54: 9.69
A55: 95th | B55: 100 | C55: 120.15 | D55: 133.39 | E55: 145.65 | F55: 157.92 | G55: 170.41 | H55: 11.25
A56: Min | B56: 100 | C56: 84.96 | D56: 85.38 | E56: 94.35 | F56: 103.51 | G56: 113.63 | H56: 2.59
A57: Max | B57: 100 | C57: 136.63 | D57: 153.52 | E57: 169.2 | F57: 180.22 | G57: 203.08 | H57: 15.22
A59: [모델 D 분위수]
A60: 통계 | B60: Year 0 | C60: Year 1 | D60: Year 2 | E60: Year 3 | F60: Year 4 | G60: Year 5 | H60: 5Y 연환산
A61: Mean | B61: 100 | C61: 110.09 | D61: 120.25 | E61: 131.01 | F61: 142.21 | G61: 154.01 | H61: 9.02
A62: Stdev | B62: 0 | C62: 6.68 | D62: 8.71 | E62: 10.09 | F62: 11.22 | G62: 12.22 | H62: -34.32
A63: 5th | B63: 100 | C63: 99.86 | D63: 106.79 | E63: 115.63 | F63: 124.9 | G63: 135.13 | H63: 6.21
A64: 25th | B64: 100 | C64: 105.39 | D64: 114.13 | E64: 123.81 | F64: 134.41 | G64: 145.38 | H64: 7.77
A65: Median | B65: 100 | C65: 109.59 | D65: 119.78 | E65: 130.49 | F65: 141.69 | G65: 153.4 | H65: 8.93
A66: 75th | B66: 100 | C66: 114.43 | D66: 125.76 | E66: 137.57 | F66: 149.44 | G66: 161.84 | H66: 10.11
A67: 95th | B67: 100 | C67: 121.76 | D67: 135.36 | E67: 148.36 | F67: 161.38 | G67: 174.59 | H67: 11.79
A68: Min | B68: 100 | C68: 90.2 | D68: 90.37 | E68: 98.99 | F68: 106.07 | G68: 119.91 | H68: 3.7
A69: Max | B69: 100 | C69: 145.22 | D69: 163.51 | E69: 176.49 | F69: 188.11 | G69: 214.02 | H69: 16.44

Sheet Comparison
A1: [Python(n=10K) vs Excel(n=100) 비교]
A2: 항목 | B2: Python(n=10K) | C2: Excel(n=100) | D2: 차이
A3: [모델별 성과]
A4: 모델 A 1Y증가율 | B4: =Summary_Python!J17 | C4: =Simulation!B27 | D4: =C4-B4
A5: 모델 A 5Y연환산 | B5: =Summary_Python!K17 | C5: =Simulation!B20*100 | D5: =C5-B5
A6: 모델 B 1Y증가율 | B6: =Summary_Python!J18 | C6: =Simulation!B44 | D6: =C6-B6
A7: 모델 B 5Y연환산 | B7: =Summary_Python!K18 | C7: =Simulation!B37*100 | D7: =C7-B7
A8: 모델 C 1Y증가율 | B8: =Summary_Python!J19 | C8: =Simulation!B61 | D8: =C8-B8
A9: 모델 C 5Y연환산 | B9: =Summary_Python!K19 | C9: =Simulation!B54*100 | D9: =C9-B9
A10: 모델 D 1Y증가율 | B10: =Summary_Python!J20 | C10: =Simulation!B78 | D10: =C10-B10
A11: 모델 D 5Y연환산 | B11: =Summary_Python!K20 | C11: =Simulation!B71*100 | D11: =C11-B11
A13: [파라미터]
A14: Y_inf | B14: =Summary_Python!C4 | C14: =Parameters!C3 | D14: =C14-B14
A15: Y_init | B15: =Summary_Python!C5 | C15: =Parameters!C4 | D15: =C15-B15
A16: CV_y | B16: =Summary_Python!C6 | C16: =Parameters!C5 | D16: =C16-B16
A17: Vol_y | B17: =Summary_Python!C7 | C17: =Parameters!C6 | D17: =C17-B17
A18: Duration | B18: =Summary_Python!C8 | C18: =Parameters!C7 | D18: =C18-B18
A19: 볼록성 | B19: =Summary_Python!C9 | C19: =Parameters!C8 | D19: =C19-B19
A20: drift_mean | B20: =Summary_Python!C10 | C20: =Parameters!C9 | D20: =C20-B20
A21: drift_median | B21: =Summary_Python!C11 | C21: =Parameters!C10 | D21: =C21-B21
A22: rho | B22: =Summary_Python!C12 | C22: =Parameters!C11 | D22: =C22-B22
